epoch,positive_loss,negative_loss,weighted_negative_loss,total_loss,positive_routes,negative_routes,negative_species,positive_gradient_norm,weighted_negative_gradient_norm,gradient_norm,seconds
1,0.9655409101769692,0.000504529704751135,0.000504529704751135,0.9660454398817203,49539,884,50,1.9589131013561576,0.004128872505140524,1.9577453136444092,328.28191413905006
2,0.9393415647236907,0.0004986899789196367,0.0004986899789196367,0.9398402547026103,49539,884,50,1.774250943599956,0.0037843485868878147,1.772802710533142,329.6842493220465
3,0.9156155156670138,0.0005471707105560124,0.0005471707105560124,0.9161626863775698,49539,884,50,1.5578551470533084,0.0042189827142860795,1.5568227767944336,330.0125841109548
4,0.8947002560098554,0.0005029599830436191,0.0005029599830436191,0.895203215992899,49539,884,50,1.3315865147096027,0.0038098633723034725,1.3305583000183105,329.9438459740486
5,0.8766934230961851,0.0005408778814149063,0.0005408778814149063,0.8772343009776,49539,884,50,1.1258954258561893,0.004129504545666491,1.125326156616211,329.9636042530183
6,0.861561686198911,0.0005548361351090185,0.0005548361351090185,0.86211652233402,49539,884,50,0.9104461294881898,0.0037857502432272487,0.9095685482025146,329.9249615400331
7,0.8493183316504656,0.0005860540071752208,0.0005860540071752208,0.8499043856576408,49539,884,50,0.7389053544172405,0.004023511329436118,0.7383108139038086,329.91472994501237
8,0.8393528251999669,0.0006225881580367907,0.0006225881580367907,0.8399754133580037,49539,884,50,0.6290008490090501,0.004276564727493661,0.628832221031189,330.04713683901355
9,0.8309266203405059,0.0005984502978311405,0.0005984502978311405,0.831525070638337,49539,884,50,0.5757473015802208,0.003860864127080072,0.5758590698242188,330.0030228639953
10,0.8237903631215886,0.0005755409300673003,0.0005755409300673003,0.8243659040516559,49539,884,50,0.5781741888874896,0.0041055301927336914,0.5783389806747437,329.36855549400207
11,0.8174871400105985,0.000613017107589361,0.000613017107589361,0.8181001571181878,49539,884,50,0.607580802660701,0.003916950839084117,0.607780396938324,329.7502962440485
12,0.8116819450779076,0.0006804313640438759,0.0006804313640438759,0.8123623764419514,49539,884,50,0.6373494459381027,0.004191959270173509,0.6379873752593994,329.58458648098167
13,0.8061921713801894,0.0006974504693184455,0.0006974504693184455,0.8068896218495079,49539,884,50,0.663761919892408,0.00412460135043927,0.6646870970726013,329.0267336049583
14,0.800860335786183,0.0007145667664382856,0.0007145667664382856,0.8015749025526213,49539,884,50,0.6728259756749605,0.004564403278976415,0.6735734939575195,329.1581845660694
15,0.7956207409715716,0.0006757205086715627,0.0006757205086715627,0.7962964614802432,49539,884,50,0.6489363656756799,0.004406509210271659,0.6491924524307251,329.5060275379801
16,0.7904460947597727,0.0006274030343928256,0.0006274030343928256,0.7910734977941655,49539,884,50,0.61648821368442,0.003958425695328866,0.6167900562286377,329.83277751901187
17,0.7854584544261343,0.0006743806842174261,0.0006743806842174261,0.7861328351103517,49539,884,50,0.5632289925438144,0.00450284386784083,0.5639217495918274,329.5671862590825
18,0.7807035785326661,0.0007014439496493793,0.0007014439496493793,0.7814050224823155,49539,884,50,0.5014172575050657,0.00438980606167365,0.5021580457687378,329.1651574949501
19,0.7762973450317077,0.0006908491418951572,0.0006908491418951572,0.7769881941736029,49539,884,50,0.4368018629404256,0.004340013699870631,0.43680086731910706,329.55829997500405
20,0.7723074346567955,0.0006966820837531769,0.0006966820837531769,0.7730041167405487,49539,884,50,0.3719569654773996,0.004609888701097866,0.37212496995925903,329.3757621309487
21,0.7687490841944964,0.0007012847069709692,0.0007012847069709692,0.7694503689014673,49539,884,50,0.3150237147192138,0.004504724461963385,0.3150809407234192,329.1746717299102
22,0.7655437233170233,0.000722349797172616,0.000722349797172616,0.7662660731141958,49539,884,50,0.28163770204465016,0.005027593010324649,0.2814440131187439,328.89374839595985
23,0.7626923424609231,0.0007182664882399014,0.0007182664882399014,0.763410608949163,49539,884,50,0.26164289289433845,0.004936277385379374,0.26124751567840576,328.8215553860646
24,0.7601462696879935,0.000785709159385263,0.000785709159385263,0.7609319788473787,49539,884,50,0.26524080504696296,0.005153299938509197,0.26466885209083557,328.9505741499597
25,0.7578302800320671,0.0007337327502733463,0.0007337327502733463,0.7585640127823404,49539,884,50,0.28161682571415736,0.005002833157359032,0.28113263845443726,328.77068146597594
26,0.7556275618380823,0.000746934149082104,0.000746934149082104,0.7563744959871644,49539,884,50,0.3023732705568101,0.004454019138317168,0.3017480671405792,329.34680918511003
27,0.7534916460126624,0.000687470867256924,0.000687470867256924,0.7541791168799193,49539,884,50,0.3176148122656147,0.004320731111836917,0.3168405592441559,328.91223142202944
28,0.7513667182802237,0.000676379782969306,0.000676379782969306,0.752043098063193,49539,884,50,0.32686257853959516,0.004208194138453286,0.32629698514938354,328.7432833990315
29,0.749236974024825,0.0006763058991268581,0.0006763058991268581,0.7499132799239518,49539,884,50,0.324917754462256,0.0046842272200267425,0.3241173028945923,329.2240509969415
30,0.747127457312672,0.0006935269175227265,0.0006935269175227265,0.7478209842301948,49539,884,50,0.313521945515397,0.004151766913812516,0.3130117654800415,329.22756050899625
31,0.7450540981644735,0.0007903066253932006,0.0007903066253932006,0.7458444047898668,49539,884,50,0.29309515188533836,0.004776708191573893,0.2929686903953552,329.80861816892866
32,0.7430346406022181,0.0007613093051484091,0.0007613093051484091,0.7437959499073665,49539,884,50,0.269157449132109,0.0045397567298805725,0.26882490515708923,328.2322923609754
33,0.7410982079591122,0.000744807490821542,0.000744807490821542,0.7418430154499337,49539,884,50,0.24066724830939504,0.004881456759605948,0.2405368685722351,328.37529312295374
34,0.7392863800705527,0.000722951480920551,0.000722951480920551,0.7400093315514732,49539,884,50,0.21428382857026662,0.004609232919999823,0.21411743760108948,328.2779477130389
35,0.7375920628392123,0.000753794959453795,0.000753794959453795,0.7383458577986661,49539,884,50,0.19238496615987027,0.0046529797944658505,0.19246111810207367,328.2965700509958
36,0.7360192054616164,0.0007596292923482854,0.0007596292923482854,0.7367788347539647,49539,884,50,0.1768522145550504,0.0043378854396656005,0.17712464928627014,328.4790654859971
37,0.7345544188656277,0.0007145692166259066,0.0007145692166259066,0.7352689880822536,49539,884,50,0.1739443086496366,0.004257714248041324,0.1743776798248291,328.45733489491977
38,0.7331733603696193,0.0007038434737534536,0.0007038434737534536,0.7338772038433727,49539,884,50,0.18163420415226775,0.0040240243966549825,0.18232713639736176,328.5392820050474
39,0.7318653387510494,0.0006553265443868722,0.0006553265443868722,0.7325206652954362,49539,884,50,0.18978125665295487,0.003818211939281195,0.19046050310134888,328.2751469790237
40,0.7306067332128805,0.0006878395086653455,0.0006878395086653455,0.7312945727215459,49539,884,50,0.19889476100535639,0.004203059764195769,0.1993979811668396,328.47832391096745
41,0.7293658049989062,0.0007869649243386948,0.0007869649243386948,0.730152769923245,49539,884,50,0.20401934694914456,0.0044372040572519785,0.20477622747421265,339.0416017700918
42,0.7281373232344777,0.0007121145660240403,0.0007121145660240403,0.7288494378005017,49539,884,50,0.20250043042711238,0.004625874777478736,0.20315265655517578,338.72698903805576
43,0.7269160619371178,0.0007587656545354479,0.0007587656545354479,0.7276748275916533,49539,884,50,0.1981620974919125,0.004318863943594781,0.1991284042596817,342.16483571601566
44,0.7257055417021547,0.0006840776431170866,0.0006840776431170866,0.7263896193452718,49539,884,50,0.18548896111666757,0.004168460484321232,0.18622195720672607,343.25958900304977
45,0.724531487880995,0.000724537852456544,0.000724537852456544,0.7252560257334515,49539,884,50,0.17147460522603206,0.004277695013716883,0.17178753018379211,345.137051807018
46,0.7233875037190955,0.0006033181039708899,0.0006033181039708899,0.7239908218230664,49539,884,50,0.15644218118390982,0.0039948112044387325,0.15679596364498138,346.2429468759801
47,0.7222877610911382,0.0006577357892899467,0.0006577357892899467,0.7229454968804282,49539,884,50,0.14484439353729683,0.003945457943047805,0.14521601796150208,346.7972463070182
48,0.7212261957347437,0.000682199225800509,0.000682199225800509,0.7219083949605442,49539,884,50,0.13591966017983595,0.00427572574590504,0.1362110823392868,344.55204223503824
49,0.7202098345460399,0.0006395503101682272,0.0006395503101682272,0.7208493848562082,49539,884,50,0.13126623812001303,0.004234205372766412,0.13154931366443634,345.94266309402883
50,0.719234052995489,0.0006722715644311666,0.0006722715644311666,0.7199063245599202,49539,884,50,0.13157373568063133,0.004620970594320178,0.1316925436258316,345.75816691305954
51,0.7182869013549862,0.0007457506951992599,0.0007457506951992599,0.7190326520501854,49539,884,50,0.13347047699198794,0.004647668182917534,0.1335626244544983,344.15649898105767
52,0.7173684423987652,0.0007412536560314906,0.0007412536560314906,0.7181096960547967,49539,884,50,0.13656182328605587,0.004623820811300306,0.13636524975299835,346.9422872590367
53,0.716473997967114,0.0005974080907073593,0.0005974080907073593,0.7170714060578214,49539,884,50,0.13777016925739824,0.0034734991194645395,0.13759127259254456,346.57109147903975
54,0.7156096083053853,0.000666159994836668,0.000666159994836668,0.716275768300222,49539,884,50,0.13572748010117644,0.0041404098198011795,0.1356372982263565,345.6977008510148
55,0.7147678256942527,0.0006441991124781633,0.0006441991124781633,0.7154120248067308,49539,884,50,0.13276669698126092,0.003742065524985671,0.13268353044986725,346.5142158679664
56,0.7139485266643533,0.0006519088684486051,0.0006519088684486051,0.7146004355328018,49539,884,50,0.12982134133542045,0.0044957528121096265,0.1299680918455124,345.5547758520115
57,0.7131549801206347,0.000602381911057722,0.000602381911057722,0.7137573620316925,49539,884,50,0.12482185900483748,0.003441248624469486,0.12494669109582901,346.5632594169583
58,0.7123800769213631,0.0006232676983351259,0.0006232676983351259,0.7130033446196982,49539,884,50,0.12001814936501465,0.003476534616598127,0.12038928270339966,347.64878527098335
59,0.7116267839001011,0.0007011791840521404,0.0007011791840521404,0.7123279630841532,49539,884,50,0.11506056976284755,0.00442105860520357,0.11540962010622025,346.69349301897455
60,0.7108956987849524,0.0007330375916694083,0.0007330375916694083,0.7116287363766218,49539,884,50,0.11172572137496783,0.004719327837024608,0.11212912946939468,347.68334589200094
61,0.7101862429344692,0.0006498335273421592,0.0006498335273421592,0.7108360764618114,49539,884,50,0.10898229898114978,0.00392671402416656,0.10955982655286789,343.9577723790426
62,0.7094998705024409,0.0006371088968575143,0.0006371088968575143,0.7101369793992984,49539,884,50,0.10695306187045985,0.0038303636282611777,0.10756230354309082,346.6105237209704
63,0.7088315873334068,0.0006957671555565439,0.0006957671555565439,0.7095273544889633,49539,884,50,0.10613826429366509,0.004201980597745193,0.10690341889858246,345.85578271502163
64,0.7081808140692374,0.0006847303859772133,0.0006847303859772133,0.7088655444552145,49539,884,50,0.10577341058883226,0.003915148349249639,0.10642693936824799,345.9394118000055
65,0.7075426871679156,0.0006610586761825687,0.0006610586761825687,0.7082037458440982,49539,884,50,0.10443577462222628,0.004385179910427912,0.10518208891153336,347.1936317300424
66,0.7069148086829955,0.0006411423812238653,0.0006411423812238653,0.7075559510642193,49539,884,50,0.1038722418409924,0.0038550080763627265,0.10449448972940445,343.7389741910156
67,0.7062966661897008,0.000630040425193323,0.000630040425193323,0.7069267066148941,49539,884,50,0.10228845140045152,0.003843001996295905,0.10304225981235504,347.39714988705236
68,0.7056876808628658,0.000628502124895764,0.000628502124895764,0.7063161829877616,49539,884,50,0.10010364070606151,0.0035510920451313605,0.10076683759689331,347.32548424298875
69,0.7050875739951152,0.0006998136802515123,0.0006998136802515123,0.7057873876753668,49539,884,50,0.09830353356394644,0.0038710675849953765,0.099007748067379,344.7124361130409
70,0.7044941826670765,0.0006167144653242627,0.0006167144653242627,0.7051108971324008,49539,884,50,0.09658057598843565,0.0037245625583144856,0.09708598256111145,344.68105854594614
71,0.703907285472269,0.0005901475286275553,0.0005901475286275553,0.7044974330008965,49539,884,50,0.09626097965355325,0.003313462057997245,0.09669888764619827,342.5262591339415
72,0.7033279258112088,0.00059009754551085,0.00059009754551085,0.7039180233567197,49539,884,50,0.0967675108463598,0.00316301239817295,0.09713316708803177,347.95166819903534
73,0.7027565518537813,0.0005373972152938124,0.0005373972152938124,0.703293949069075,49539,884,50,0.09673312632118253,0.0031945365738763293,0.0970945730805397,347.21858636895195
74,0.702193551263008,0.0005929838796685315,0.0005929838796685315,0.7027865351426765,49539,884,50,0.09670520388437223,0.003611687002612271,0.09702879190444946,344.8874071140308
75,0.7016416102669609,0.0005581448105820605,0.0005581448105820605,0.702199755077543,49539,884,50,0.09675830405423953,0.003139589172578523,0.09690865129232407,345.06959918898065
76,0.7010987858466251,0.0005285972002367,0.0005285972002367,0.7016273830468618,49539,884,50,0.0960968109119543,0.003041149734134319,0.09631018340587616,346.81920328503475
77,0.7005671525903381,0.0006088956736000527,0.0006088956736000527,0.7011760482639381,49539,884,50,0.09476653099839974,0.0030765189228968122,0.09491362422704697,347.5673014110653
78,0.7000426765689554,0.000578855820950895,0.000578855820950895,0.7006215323899062,49539,884,50,0.0929136672920512,0.003482716905293254,0.09315230697393417,346.567318529007
79,0.699525829070808,0.0006101785348080455,0.0006101785348080455,0.700136007605616,49539,884,50,0.09104848566536197,0.0038355564424279558,0.09126187860965729,347.4951213130262
80,0.6990173052063255,0.0006287824698015437,0.0006287824698015437,0.6996460876761271,49539,884,50,0.08942478042968677,0.0034599599764605676,0.0897275060415268,347.57713620597497
81,0.6985144615400714,0.0006667619675632454,0.0006667619675632454,0.6991812235076346,49539,884,50,0.08794929400471428,0.003774947024398185,0.08820220828056335,342.0063481430989
82,0.698019147267587,0.0005953276984173606,0.0005953276984173606,0.6986144749660044,49539,884,50,0.08602983132492735,0.0035072306344130027,0.08620515465736389,347.9685417069122
83,0.6975323820925041,0.0005647481053162504,0.0005647481053162504,0.6980971301978204,49539,884,50,0.08457984782239596,0.003502171145320174,0.08473024517297745,344.9751589379739
84,0.697052409475873,0.0005552003952108908,0.0005552003952108908,0.6976076098710838,49539,884,50,0.08326284750245012,0.003103244907764769,0.08333782851696014,346.9585237300489
85,0.6965772245266635,0.0006726256183293074,0.0006726256183293074,0.6972498501449927,49539,884,50,0.08200839352667956,0.0036257725328941704,0.08217208832502365,346.5348977691028
86,0.6961107160032043,0.0006761608569164902,0.0006761608569164902,0.6967868768601208,49539,884,50,0.08108536872301628,0.003935327554579164,0.0813533216714859,346.92275781789795
87,0.695651429832651,0.0005082452638433912,0.0005082452638433912,0.6961596750964945,49539,884,50,0.08070952397555121,0.002900961583747496,0.08093252032995224,346.84236867993604
88,0.6951991658788756,0.0006260499982657064,0.0006260499982657064,0.6958252158771413,49539,884,50,0.0802168397834483,0.0037060194281817852,0.08047410845756531,346.74556471197866
89,0.6947504063937231,0.0006347918278643185,0.0006347918278643185,0.6953851982215874,49539,884,50,0.08035320352500638,0.0037026998826960237,0.08073306083679199,344.9937220530119
90,0.6943048079965592,0.0006051806611747166,0.0006051806611747166,0.694909988657734,49539,884,50,0.08009466907973829,0.0035159365072882118,0.08045101910829544,345.07712586200796
91,0.6938614065793445,0.0005732399179253576,0.0005732399179253576,0.6944346464972698,49539,884,50,0.07973406154429956,0.0030962929148877403,0.08003754913806915,343.3287294700276
92,0.6934200463610978,0.0006274570757245537,0.0006274570757245537,0.6940475034368223,49539,884,50,0.07909232929235867,0.003909480817359048,0.07938820123672485,345.20139565400314
93,0.6929836880435687,0.0005667460173767068,0.0005667460173767068,0.6935504340609454,49539,884,50,0.078493821686948,0.0034677510081033524,0.07868551462888718,347.4934379910119
94,0.6925520240356491,0.0005691359827983632,0.0005691359827983632,0.6931211600184475,49539,884,50,0.0785864736048971,0.003394395916035426,0.07874241471290588,345.5508198409807
95,0.6921209719239414,0.0006130869722481699,0.0006130869722481699,0.6927340588961896,49539,884,50,0.07971043038454019,0.0037596452370922927,0.07994306087493896,345.9438349120319
96,0.6916905435973604,0.0005230168551698136,0.0005230168551698136,0.6922135604525302,49539,884,50,0.07986185395197623,0.0032841245080436256,0.08007470518350601,345.52821266208775
97,0.6912642710831278,0.0005407126600232288,0.0005407126600232288,0.691804983743151,49539,884,50,0.07989009178182555,0.0029930581698845455,0.0799993947148323,344.53033809398767
98,0.6908420726722397,0.0006003545162884514,0.0006003545162884514,0.6914424271885282,49539,884,50,0.07974581131433393,0.003821786899082943,0.07999284565448761,344.31702659802977
99,0.6904232630149636,0.0006482126456253533,0.0006482126456253533,0.6910714756605889,49539,884,50,0.07916291190067282,0.0035937054090418976,0.07923071086406708,343.03098251402844
100,0.6900066100242839,0.0005827695585312612,0.0005827695585312612,0.6905893795828152,49539,884,50,0.07821570800784626,0.003485372374787626,0.07833601534366608,344.8333368569147
