source,degeneracy_id,formula,is_ring,used_in_objective,log_P_exist,P_exist,individual_loss,C#C,C-C,C-O,C=C,C=O,O-O,O=O,C#O,C-H,O-H,H-H
pseudo_negative,H2O3_001,H2O3,FALSE,TRUE,-0.066217451,0.935927324,0.875959955,0,0,0,0,0,2,0,0,0,2,0
pseudo_negative,H2O5_001,H2O5,FALSE,TRUE,-0.11368784,0.892536527,0.796621451,0,0,0,0,0,4,0,0,0,2,0
pseudo_negative,H2O6_001,H2O6,FALSE,TRUE,-0.137423035,0.871601431,0.759689054,0,0,0,0,0,5,0,0,0,2,0
pseudo_negative,C10H6O2_001,C10H6O2,TRUE,TRUE,-0.175768064,0.838812512,0.70360643,1,6,0,3,2,0,0,0,6,0,0
pseudo_negative,H2O8_001,H2O8,FALSE,TRUE,-0.184893424,0.831192865,0.690881578,0,0,0,0,0,7,0,0,0,2,0
pseudo_negative,C10H8O_001,C10H8O,TRUE,TRUE,-0.191644812,0.825600059,0.681615458,1,6,0,3,1,0,0,0,8,0,0
pseudo_negative,C10H8O2_001,C10H8O2,TRUE,TRUE,-0.202686613,0.816534093,0.666727924,1,6,1,3,1,0,0,0,7,1,0
pseudo_negative,C10H8O2_002,C10H8O2,TRUE,TRUE,-0.202836457,0.816411749,0.666528144,1,7,0,2,2,0,0,0,8,0,0
pseudo_negative,C10H10_001,C10H10,TRUE,TRUE,-0.20752156,0.812595722,0.660311807,1,6,0,3,0,0,0,0,10,0,0
pseudo_negative,C10H10O_001,C10H10O,TRUE,TRUE,-0.218563361,0.803672556,0.645889578,1,6,1,3,0,0,0,0,9,1,0
pseudo_negative,C10H10O_002,C10H10O,TRUE,TRUE,-0.218713205,0.80355214,0.645696041,1,7,0,2,1,0,0,0,10,0,0
pseudo_negative,C10H10O2_001,C10H10O2,TRUE,TRUE,-0.226427083,0.797377483,0.63581085,0,7,0,3,2,0,0,0,10,0,0
pseudo_negative,C10H10O2_002,C10H10O2,TRUE,TRUE,-0.229605162,0.794847377,0.631782352,1,6,2,3,0,0,0,0,8,2,0
pseudo_negative,C10H10O2_003,C10H10O2,TRUE,TRUE,-0.229755006,0.794728283,0.631593043,1,7,1,2,1,0,0,0,9,1,0
pseudo_negative,C10H10O2_004,C10H10O2,TRUE,TRUE,-0.22990485,0.794609206,0.631403791,1,8,0,1,2,0,0,0,10,0,0
pseudo_negative,H2O10_001,H2O10,FALSE,TRUE,-0.232363813,0.792657692,0.628306217,0,0,0,0,0,9,0,0,0,2,0
pseudo_negative,C10H12_001,C10H12,TRUE,TRUE,-0.234589953,0.790895087,0.625515039,1,7,0,2,0,0,0,0,12,0,0
pseudo_negative,C10H12O_001,C10H12O,TRUE,TRUE,-0.242303831,0.784817689,0.615938805,0,7,0,3,1,0,0,0,12,0,0
pseudo_negative,C12H10O2_001,C12H10O2,TRUE,TRUE,-0.243645216,0.783765653,0.614288599,1,8,0,3,2,0,0,0,10,0,0
pseudo_negative,C10H12O_002,C10H12O,TRUE,TRUE,-0.245631754,0.782210218,0.611852825,1,7,1,2,0,0,0,0,11,1,0
pseudo_negative,C10H12O_003,C10H12O,TRUE,TRUE,-0.245781598,0.782093017,0.611669487,1,8,0,1,1,0,0,0,12,0,0
pseudo_negative,C10H12O2_001,C10H12O2,TRUE,TRUE,-0.253345632,0.776199556,0.602485751,0,7,1,3,1,0,0,0,11,1,0
pseudo_negative,C10H12O2_002,C10H12O2,TRUE,TRUE,-0.253495476,0.776083256,0.60230522,0,8,0,2,2,0,0,0,12,0,0
pseudo_negative,C10H12O2_003,C10H12O2,TRUE,TRUE,-0.256673555,0.773620717,0.598489015,1,7,2,2,0,0,0,0,10,2,0
pseudo_negative,C10H12O2_004,C10H12O2,TRUE,TRUE,-0.256823399,0.773504804,0.598309682,1,8,1,1,1,0,0,0,11,1,0
pseudo_negative,C10H12O2_005,C10H12O2,TRUE,TRUE,-0.256973242,0.773388907,0.598130402,1,9,0,0,2,0,0,0,12,0,0
pseudo_negative,C10H14_001,C10H14,TRUE,TRUE,-0.258180579,0.77245573,0.596687855,0,7,0,3,0,0,0,0,14,0,0
pseudo_negative,C12H12O_001,C12H12O,TRUE,TRUE,-0.259521964,0.771420265,0.595089224,1,8,0,3,1,0,0,0,12,0,0
pseudo_negative,C10H14_002,C10H14,TRUE,TRUE,-0.261658346,0.769773975,0.592551973,1,8,0,1,0,0,0,0,14,0,0
pseudo_negative,C10H14O_001,C10H14O,TRUE,TRUE,-0.26922238,0.763973344,0.583655271,0,7,1,3,0,0,0,0,13,1,0
pseudo_negative,C10H14O_002,C10H14O,TRUE,TRUE,-0.269372224,0.763858876,0.583480383,0,8,0,2,1,0,0,0,14,0,0
pseudo_negative,C12H12O2_001,C12H12O2,TRUE,TRUE,-0.270563764,0.762949249,0.582091557,1,8,1,3,1,0,0,0,11,1,0
pseudo_negative,C12H12O2_002,C12H12O2,TRUE,TRUE,-0.270713608,0.762834935,0.581917138,1,9,0,2,2,0,0,0,12,0,0
pseudo_negative,C10H14O_003,C10H14O,TRUE,TRUE,-0.272700147,0.761321038,0.579609723,1,8,1,1,0,0,0,0,13,1,0
pseudo_negative,C10H14O_004,C10H14O,TRUE,TRUE,-0.272849991,0.761206967,0.579436047,1,9,0,0,1,0,0,0,14,0,0
pseudo_negative,C12H14_001,C12H14,TRUE,TRUE,-0.275398712,0.759269333,0.57648992,1,8,0,3,0,0,0,0,14,0,0
pseudo_negative,C10H14O2_001,C10H14O2,TRUE,TRUE,-0.280264181,0.755584104,0.570907339,0,7,2,3,0,0,0,0,12,2,0
pseudo_negative,C10H14O2_002,C10H14O2,TRUE,TRUE,-0.280414025,0.755470893,0.57073627,0,8,1,2,1,0,0,0,13,1,0
pseudo_negative,C10H14O2_003,C10H14O2,TRUE,TRUE,-0.280563869,0.755357699,0.570565253,0,9,0,1,2,0,0,0,14,0,0
pseudo_negative,C10H14O2_004,C10H14O2,TRUE,TRUE,-0.283741947,0.752960923,0.566950152,1,8,2,1,0,0,0,0,12,2,0
pseudo_negative,C10H14O2_005,C10H14O2,TRUE,TRUE,-0.283891791,0.752848105,0.566780269,1,9,1,0,1,0,0,0,13,1,0
pseudo_negative,C10H16_001,C10H16,TRUE,TRUE,-0.285248972,0.751827047,0.565243909,0,8,0,2,0,0,0,0,16,0,0
pseudo_negative,C12H14O_001,C12H14O,TRUE,TRUE,-0.286440513,0.750931748,0.56389849,1,8,1,3,0,0,0,0,13,1,0
pseudo_negative,C12H14O_002,C12H14O,TRUE,TRUE,-0.286590357,0.750819234,0.563729522,1,9,0,2,1,0,0,0,14,0,0
pseudo_negative,C10H16_002,C10H16,TRUE,TRUE,-0.288726739,0.749216909,0.561325977,1,9,0,0,0,0,0,0,16,0,0
pseudo_negative,C12H14O2_001,C12H14O2,TRUE,TRUE,-0.294304235,0.745049787,0.555099185,0,9,0,3,2,0,0,0,14,0,0
pseudo_negative,C10H16O_001,C10H16O,TRUE,TRUE,-0.296290773,0.743571186,0.552898109,0,8,1,2,0,0,0,0,15,1,0
pseudo_negative,C10H16O_002,C10H16O,TRUE,TRUE,-0.296440617,0.743459775,0.552732437,0,9,0,1,1,0,0,0,16,0,0
pseudo_negative,C12H14O2_002,C12H14O2,TRUE,TRUE,-0.297482313,0.742685719,0.551582077,1,8,2,3,0,0,0,0,12,2,0
pseudo_negative,C12H14O2_003,C12H14O2,TRUE,TRUE,-0.297632157,0.74257444,0.551416799,1,9,1,2,1,0,0,0,13,1,0
pseudo_negative,C12H14O2_004,C12H14O2,TRUE,TRUE,-0.297782001,0.742463178,0.551251571,1,10,0,1,2,0,0,0,14,0,0
pseudo_negative,C10H16O_003,C10H16O,TRUE,TRUE,-0.29976854,0.740989711,0.549065751,1,9,1,0,0,0,0,0,15,1,0
pseudo_negative,C12H16_001,C12H16,TRUE,TRUE,-0.302467105,0.738992797,0.546110354,1,9,0,2,0,0,0,0,16,0,0
pseudo_negative,C10H16O2_001,C10H16O2,TRUE,TRUE,-0.307332574,0.735405984,0.540821961,0,8,2,2,0,0,0,0,14,2,0
pseudo_negative,C10H16O2_002,C10H16O2,TRUE,TRUE,-0.307482418,0.735295796,0.540659907,0,9,1,1,1,0,0,0,15,1,0
pseudo_negative,C10H16O2_003,C10H16O2,TRUE,TRUE,-0.307632261,0.735185624,0.540497902,0,10,0,0,2,0,0,0,16,0,0
pseudo_negative,C12H16O_001,C12H16O,TRUE,TRUE,-0.310180983,0.733314227,0.537749755,0,9,0,3,1,0,0,0,16,0,0
pseudo_negative,C10H16O2_004,C10H16O2,TRUE,TRUE,-0.31081034,0.732852855,0.537073308,1,9,2,0,0,0,0,0,14,2,0
pseudo_negative,C10H18_001,C10H18,TRUE,TRUE,-0.312317365,0.73174926,0.535456979,0,9,0,1,0,0,0,0,18,0,0
pseudo_negative,C12H16O_002,C12H16O,TRUE,TRUE,-0.313508905,0.73087787,0.534182461,1,9,1,2,0,0,0,0,15,1,0
pseudo_negative,C12H16O_003,C12H16O,TRUE,TRUE,-0.313658749,0.730768361,0.534022397,1,10,0,1,1,0,0,0,16,0,0
pseudo_negative,C12H16O2_001,C12H16O2,TRUE,TRUE,-0.321222783,0.725261657,0.526004471,0,9,1,3,1,0,0,0,15,1,0
pseudo_negative,C12H16O2_002,C12H16O2,TRUE,TRUE,-0.321372627,0.725152989,0.525846857,0,10,0,2,2,0,0,0,16,0,0
pseudo_negative,C10H18O_001,C10H18O,TRUE,TRUE,-0.323359166,0.723713874,0.523761772,0,9,1,1,0,0,0,0,17,1,0
pseudo_negative,C10H18O_002,C10H18O,TRUE,TRUE,-0.32350901,0.723605438,0.523604831,0,10,0,0,1,0,0,0,18,0,0
pseudo_negative,C12H16O2_003,C12H16O2,TRUE,TRUE,-0.324550706,0.722852054,0.522515091,1,9,2,2,0,0,0,0,14,2,0
pseudo_negative,C12H16O2_004,C12H16O2,TRUE,TRUE,-0.32470055,0.722743747,0.522358524,1,10,1,1,1,0,0,0,15,1,0
pseudo_negative,C12H16O2_005,C12H16O2,TRUE,TRUE,-0.324850394,0.722635456,0.522202002,1,11,0,0,2,0,0,0,16,0,0
pseudo_negative,C12H18_001,C12H18,TRUE,TRUE,-0.326057731,0.721763518,0.520942576,0,9,0,3,0,0,0,0,18,0,0
pseudo_negative,C12H18_002,C12H18,TRUE,TRUE,-0.329535498,0.719257753,0.517331715,1,10,0,1,0,0,0,0,18,0,0
pseudo_negative,C10H18O2_001,C10H18O2,TRUE,TRUE,-0.334400966,0.715766726,0.512322006,0,9,2,1,0,0,0,0,16,2,0
pseudo_negative,C10H18O2_002,C10H18O2,TRUE,TRUE,-0.33455081,0.715659481,0.512168493,0,10,1,0,1,0,0,0,17,1,0
pseudo_negative,C12H18O_001,C12H18O,TRUE,TRUE,-0.337099532,0.713837787,0.509564386,0,9,1,3,0,0,0,0,17,1,0
pseudo_negative,C12H18O_002,C12H18O,TRUE,TRUE,-0.337249376,0.713730831,0.509411699,0,10,0,2,1,0,0,0,18,0,0
pseudo_negative,C10H20_001,C10H20,TRUE,TRUE,-0.339385758,0.712207656,0.507239746,0,10,0,0,0,0,0,0,20,0,0
pseudo_negative,C12H18O_003,C12H18O,TRUE,TRUE,-0.340577298,0.711359538,0.506032392,1,10,1,1,0,0,0,0,17,1,0
pseudo_negative,C12H18O_004,C12H18O,TRUE,TRUE,-0.340727142,0.711252953,0.505880763,1,11,0,0,1,0,0,0,18,0,0
pseudo_negative,C12H18O2_001,C12H18O2,TRUE,TRUE,-0.348141332,0.705999089,0.498434713,0,9,2,3,0,0,0,0,16,2,0
pseudo_negative,C12H18O2_002,C12H18O2,TRUE,TRUE,-0.348291176,0.705893307,0.498285361,0,10,1,2,1,0,0,0,17,1,0
pseudo_negative,C12H18O2_003,C12H18O2,TRUE,TRUE,-0.34844102,0.705787541,0.498136053,0,11,0,1,2,0,0,0,18,0,0
pseudo_negative,C10H20O_001,C10H20O,TRUE,TRUE,-0.350427559,0.704386859,0.496160847,0,10,1,0,0,0,0,0,19,1,0
pseudo_negative,C12H18O2_004,C12H18O2,TRUE,TRUE,-0.351619099,0.703548053,0.494979863,1,10,2,1,0,0,0,0,16,2,0
pseudo_negative,C12H18O2_005,C12H18O2,TRUE,TRUE,-0.351768943,0.703442639,0.494831546,1,11,1,0,1,0,0,0,17,1,0
pseudo_negative,C12H20_001,C12H20,TRUE,TRUE,-0.353126124,0.702488587,0.493490215,0,10,0,2,0,0,0,0,20,0,0
pseudo_negative,C12H20_002,C12H20,TRUE,TRUE,-0.35660389,0.700049739,0.490069637,1,11,0,0,0,0,0,0,20,0,0
pseudo_negative,C10H20O2_001,C10H20O2,TRUE,TRUE,-0.361469359,0.696651942,0.485323928,0,10,2,0,0,0,0,0,18,2,0
pseudo_negative,C12H20O_001,C12H20O,TRUE,TRUE,-0.364167924,0.694774515,0.482711627,0,10,1,2,0,0,0,0,19,1,0
pseudo_negative,C12H20O_002,C12H20O,TRUE,TRUE,-0.364317768,0.694670415,0.482566986,0,11,0,1,1,0,0,0,20,0,0
pseudo_negative,C12H20O_003,C12H20O,TRUE,TRUE,-0.367645691,0.692362448,0.47936576,1,11,1,0,0,0,0,0,19,1,0
pseudo_negative,C12H20O2_001,C12H20O2,TRUE,TRUE,-0.375209725,0.687145152,0.47216846,0,10,2,2,0,0,0,0,18,2,0
pseudo_negative,C12H20O2_002,C12H20O2,TRUE,TRUE,-0.375359569,0.687042195,0.472026978,0,11,1,1,1,0,0,0,19,1,0
pseudo_negative,C12H20O2_003,C12H20O2,TRUE,TRUE,-0.375509413,0.686939254,0.471885538,0,12,0,0,2,0,0,0,20,0,0
pseudo_negative,C12H20O2_004,C12H20O2,TRUE,TRUE,-0.378687492,0.684759572,0.468895672,1,11,2,0,0,0,0,0,18,2,0
pseudo_negative,C12H22_001,C12H22,TRUE,TRUE,-0.380194517,0.6837284,0.467484525,0,11,0,1,0,0,0,0,22,0,0
pseudo_negative,C12H22O_001,C12H22O,TRUE,TRUE,-0.391236317,0.676220335,0.457273941,0,11,1,1,0,0,0,0,21,1,0
pseudo_negative,C12H22O_002,C12H22O,TRUE,TRUE,-0.391386161,0.676119015,0.457136922,0,12,0,0,1,0,0,0,22,0,0
pseudo_negative,C12H22O2_001,C12H22O2,TRUE,TRUE,-0.402278118,0.668794716,0.447286372,0,11,2,1,0,0,0,0,20,2,0
pseudo_negative,C12H22O2_002,C12H22O2,TRUE,TRUE,-0.402427962,0.668694509,0.447152346,0,12,1,0,1,0,0,0,21,1,0
pseudo_negative,C12H24_001,C12H24,TRUE,TRUE,-0.407262909,0.665469209,0.442849268,0,12,0,0,0,0,0,0,24,0,0
pseudo_negative,C12H24O_001,C12H24O,TRUE,TRUE,-0.41830471,0.658161649,0.433176757,0,12,1,0,0,0,0,0,23,1,0
pseudo_negative,C12H24O2_001,C12H24O2,TRUE,TRUE,-0.429346511,0.650934334,0.423715508,0,12,2,0,0,0,0,0,22,2,0
pseudo_negative,C17H24O2_001,C17H24O2,FALSE,TRUE,-0.448943606,0.638302094,0.407429564,1,13,0,2,2,0,0,0,24,0,0
pseudo_negative,C17H26O_001,C17H26O,FALSE,TRUE,-0.464820354,0.628247957,0.394695496,1,13,0,2,1,0,0,0,26,0,0
pseudo_negative,C17H26O2_001,C17H26O2,FALSE,TRUE,-0.475862155,0.621349126,0.386074737,1,13,1,2,1,0,0,0,25,1,0
pseudo_negative,C17H26O2_002,C17H26O2,FALSE,TRUE,-0.476011999,0.621256028,0.385959052,1,14,0,1,2,0,0,0,26,0,0
pseudo_negative,C17H28_001,C17H28,FALSE,TRUE,-0.480697102,0.618352187,0.382359427,1,13,0,2,0,0,0,0,28,0,0
pseudo_negative,C18H26O2_001,C18H26O2,FALSE,TRUE,-0.482882181,0.617002513,0.380692102,1,14,0,2,2,0,0,0,26,0,0
pseudo_negative,C17H28O_001,C17H28O,FALSE,TRUE,-0.491738903,0.611562022,0.374008107,1,13,1,2,0,0,0,0,27,1,0
pseudo_negative,C17H28O_002,C17H28O,FALSE,TRUE,-0.491888747,0.61147039,0.373896038,1,14,0,1,1,0,0,0,28,0,0
pseudo_negative,C18H28O_001,C18H28O,FALSE,TRUE,-0.49875893,0.607283874,0.368793704,1,14,0,2,1,0,0,0,28,0,0
pseudo_negative,C17H28O2_001,C17H28O2,FALSE,TRUE,-0.499602625,0.606771728,0.36817193,0,14,0,2,2,0,0,0,28,0,0
pseudo_negative,C17H28O2_002,C17H28O2,FALSE,TRUE,-0.502780703,0.604846421,0.365839192,1,13,2,2,0,0,0,0,26,2,0
pseudo_negative,C17H28O2_003,C17H28O2,FALSE,TRUE,-0.502930547,0.604755795,0.365729571,1,14,1,1,1,0,0,0,27,1,0
pseudo_negative,C17H28O2_004,C17H28O2,FALSE,TRUE,-0.503080391,0.604665183,0.365619983,1,15,0,0,2,0,0,0,28,0,0
pseudo_negative,C17H30_001,C17H30,FALSE,TRUE,-0.507765495,0.601838889,0.362210049,1,14,0,1,0,0,0,0,30,0,0
pseudo_negative,C18H28O2_001,C18H28O2,FALSE,TRUE,-0.50980073,0.600615251,0.36073868,1,14,1,2,1,0,0,0,27,1,0
pseudo_negative,C18H28O2_002,C18H28O2,FALSE,TRUE,-0.509950574,0.600525259,0.360630587,1,15,0,1,2,0,0,0,28,0,0
pseudo_negative,C18H30_001,C18H30,FALSE,TRUE,-0.514635678,0.597718317,0.357267186,1,14,0,2,0,0,0,0,30,0,0
pseudo_negative,C17H30O_001,C17H30O,FALSE,TRUE,-0.515479373,0.597214238,0.356664846,0,14,0,2,1,0,0,0,30,0,0
pseudo_negative,C17H30O_002,C17H30O,FALSE,TRUE,-0.518807296,0.595230058,0.354298822,1,14,1,1,0,0,0,0,29,1,0
pseudo_negative,C17H30O_003,C17H30O,FALSE,TRUE,-0.51895714,0.595140873,0.354192659,1,15,0,0,1,0,0,0,30,0,0
pseudo_negative,C18H30O_001,C18H30O,FALSE,TRUE,-0.525677479,0.591154734,0.34946392,1,14,1,2,0,0,0,0,29,1,0
pseudo_negative,C18H30O_002,C18H30O,FALSE,TRUE,-0.525827323,0.59106616,0.349359205,1,15,0,1,1,0,0,0,30,0,0
pseudo_negative,C17H30O2_001,C17H30O2,FALSE,TRUE,-0.526521174,0.59065619,0.348874735,0,14,1,2,1,0,0,0,29,1,0
pseudo_negative,C17H30O2_002,C17H30O2,FALSE,TRUE,-0.526671017,0.59056769,0.348770197,0,15,0,1,2,0,0,0,30,0,0
pseudo_negative,C17H30O2_003,C17H30O2,FALSE,TRUE,-0.529849096,0.588693799,0.346560389,1,14,2,1,0,0,0,0,28,2,0
pseudo_negative,C17H30O2_004,C17H30O2,FALSE,TRUE,-0.52999894,0.588605593,0.346456545,1,15,1,0,1,0,0,0,29,1,0
pseudo_negative,C17H32_001,C17H32,FALSE,TRUE,-0.531356121,0.587807291,0.345517411,0,14,0,2,0,0,0,0,32,0,0
pseudo_negative,C18H30O2_001,C18H30O2,FALSE,TRUE,-0.5335412,0.586524288,0.34401074,0,15,0,2,2,0,0,0,30,0,0
pseudo_negative,C17H32_002,C17H32,FALSE,TRUE,-0.534833888,0.585766585,0.343122492,1,15,0,0,0,0,0,0,32,0,0
pseudo_negative,C18H30O2_002,C18H30O2,FALSE,TRUE,-0.536719279,0.584663226,0.341831088,1,14,2,2,0,0,0,0,28,2,0
pseudo_negative,C18H30O2_003,C18H30O2,FALSE,TRUE,-0.536869123,0.584575625,0.341728661,1,15,1,1,1,0,0,0,29,1,0
pseudo_negative,C18H30O2_004,C18H30O2,FALSE,TRUE,-0.537018967,0.584488036,0.341626264,1,16,0,0,2,0,0,0,30,0,0
pseudo_negative,C18H32_001,C18H32,FALSE,TRUE,-0.541704071,0.581756054,0.338440106,1,15,0,1,0,0,0,0,32,0,0
pseudo_negative,C17H32O_001,C17H32O,FALSE,TRUE,-0.542397922,0.581352542,0.337970778,0,14,1,2,0,0,0,0,31,1,0
pseudo_negative,C17H32O_002,C17H32O,FALSE,TRUE,-0.542547766,0.581265436,0.337869507,0,15,0,1,1,0,0,0,32,0,0
pseudo_negative,C17H32O_003,C17H32O,FALSE,TRUE,-0.545875688,0.579334245,0.335628167,1,15,1,0,0,0,0,0,31,1,0
pseudo_negative,C18H32O_001,C18H32O,FALSE,TRUE,-0.549417949,0.577285723,0.333258805,0,15,0,2,1,0,0,0,32,0,0
pseudo_negative,C20H30O2_001,C20H30O2,FALSE,TRUE,-0.550759333,0.57651188,0.332365947,1,16,0,2,2,0,0,0,30,0,0
pseudo_negative,C18H32O_002,C18H32O,FALSE,TRUE,-0.552745871,0.575367753,0.331048052,1,15,1,1,0,0,0,0,31,1,0
pseudo_negative,C18H32O_003,C18H32O,FALSE,TRUE,-0.552895715,0.575281545,0.330948855,1,16,0,0,1,0,0,0,32,0,0
pseudo_negative,C17H32O2_001,C17H32O2,FALSE,TRUE,-0.553439722,0.574968672,0.330588974,0,14,2,2,0,0,0,0,30,2,0
pseudo_negative,C17H32O2_002,C17H32O2,FALSE,TRUE,-0.553589566,0.574882523,0.330489916,0,15,1,1,1,0,0,0,31,1,0
pseudo_negative,C17H32O2_003,C17H32O2,FALSE,TRUE,-0.55373941,0.574796387,0.330390887,0,16,0,0,2,0,0,0,32,0,0
pseudo_negative,C17H32O2_004,C17H32O2,FALSE,TRUE,-0.556917489,0.572972539,0.32829753,1,15,2,0,0,0,0,0,30,2,0
pseudo_negative,C21H30O2_001,C21H30O2,FALSE,TRUE,-0.557629516,0.572564712,0.327830349,1,16,0,3,2,0,0,0,30,0,0
pseudo_negative,C17H34_001,C17H34,FALSE,TRUE,-0.558424514,0.572109705,0.327309515,0,15,0,1,0,0,0,0,34,0,0
pseudo_negative,C18H32O2_001,C18H32O2,FALSE,TRUE,-0.560459749,0.570946511,0.325979919,0,15,1,2,1,0,0,0,31,1,0
pseudo_negative,C18H32O2_002,C18H32O2,FALSE,TRUE,-0.560609593,0.570860965,0.325882241,0,16,0,1,2,0,0,0,32,0,0
pseudo_negative,C18H32O2_003,C18H32O2,FALSE,TRUE,-0.563787672,0.569049603,0.323817451,1,15,2,1,0,0,0,0,30,2,0
pseudo_negative,C18H32O2_004,C18H32O2,FALSE,TRUE,-0.563937516,0.568964341,0.323720422,1,16,1,0,1,0,0,0,31,1,0
pseudo_negative,C18H34_001,C18H34,FALSE,TRUE,-0.565294697,0.568192677,0.322842919,0,15,0,2,0,0,0,0,34,0,0
pseudo_negative,C20H32O_001,C20H32O,FALSE,TRUE,-0.566636081,0.567431024,0.321977967,1,16,0,2,1,0,0,0,32,0,0
pseudo_negative,C18H34_002,C18H34,FALSE,TRUE,-0.568772464,0.566220068,0.320605165,1,16,0,0,0,0,0,0,34,0,0
pseudo_negative,C17H34O_001,C17H34O,FALSE,TRUE,-0.569466315,0.565827332,0.32016057,0,15,1,1,0,0,0,0,33,1,0
pseudo_negative,C17H34O_002,C17H34O,FALSE,TRUE,-0.569616159,0.565742552,0.320064636,0,16,0,0,1,0,0,0,34,0,0
pseudo_negative,C21H32O_001,C21H32O,FALSE,TRUE,-0.573506264,0.563546029,0.317584127,1,16,0,3,1,0,0,0,32,0,0
pseudo_negative,C18H34O_001,C18H34O,FALSE,TRUE,-0.576336498,0.561953317,0.315791531,0,15,1,2,0,0,0,0,33,1,0
pseudo_negative,C18H34O_002,C18H34O,FALSE,TRUE,-0.576486342,0.561869118,0.315696906,0,16,0,1,1,0,0,0,34,0,0
pseudo_negative,C20H32O2_001,C20H32O2,FALSE,TRUE,-0.577677882,0.561200027,0.314945471,1,16,1,2,1,0,0,0,31,1,0
pseudo_negative,C20H32O2_002,C20H32O2,FALSE,TRUE,-0.577827726,0.561115941,0.3148511,1,17,0,1,2,0,0,0,32,0,0
pseudo_negative,C18H34O_003,C18H34O,FALSE,TRUE,-0.579814264,0.560002369,0.313602654,1,16,1,0,0,0,0,0,33,1,0
pseudo_negative,C17H34O2_001,C17H34O2,FALSE,TRUE,-0.580508115,0.559613946,0.313167768,0,15,2,1,0,0,0,0,32,2,0
pseudo_negative,C17H34O2_002,C17H34O2,FALSE,TRUE,-0.580657959,0.559530097,0.31307393,0,16,1,0,1,0,0,0,33,1,0
pseudo_negative,C20H34_001,C20H34,FALSE,TRUE,-0.58251283,0.558493204,0.311914659,1,16,0,2,0,0,0,0,34,0,0
pseudo_negative,C21H32O2_001,C21H32O2,FALSE,TRUE,-0.584548065,0.557357694,0.3106476,1,16,1,3,1,0,0,0,31,1,0
pseudo_negative,C21H32O2_002,C21H32O2,FALSE,TRUE,-0.584697909,0.557274184,0.310554516,1,17,0,2,2,0,0,0,32,0,0
pseudo_negative,C17H36_001,C17H36,FALSE,TRUE,-0.585492907,0.556831328,0.310061128,0,16,0,0,0,0,0,0,36,0,0
pseudo_negative,C18H34O2_001,C18H34O2,FALSE,TRUE,-0.587378298,0.555782472,0.308894156,0,15,2,2,0,0,0,0,32,2,0
pseudo_negative,C18H34O2_002,C18H34O2,FALSE,TRUE,-0.587528142,0.555699198,0.308801598,0,16,1,1,1,0,0,0,33,1,0
pseudo_negative,C18H34O2_003,C18H34O2,FALSE,TRUE,-0.587677986,0.555615936,0.308709068,0,17,0,0,2,0,0,0,34,0,0
pseudo_negative,C21H34_001,C21H34,FALSE,TRUE,-0.589383012,0.554669403,0.307658147,1,16,0,3,0,0,0,0,34,0,0
pseudo_negative,C18H34O2_004,C18H34O2,FALSE,TRUE,-0.590856065,0.553852948,0.306753088,1,16,2,0,0,0,0,0,32,2,0
pseudo_negative,C22H32O2_001,C22H32O2,FALSE,TRUE,-0.591568092,0.55345873,0.306316566,1,17,0,3,2,0,0,0,32,0,0
pseudo_negative,C18H36_001,C18H36,FALSE,TRUE,-0.59236309,0.553018906,0.305829911,0,16,0,1,0,0,0,0,36,0,0
pseudo_negative,C20H34O_001,C20H34O,FALSE,TRUE,-0.59355463,0.552360354,0.305101961,1,16,1,2,0,0,0,0,33,1,0
pseudo_negative,C20H34O_002,C20H34O,FALSE,TRUE,-0.593704474,0.552277593,0.305010539,1,17,0,1,1,0,0,0,34,0,0
pseudo_negative,C17H36O_001,C17H36O,FALSE,TRUE,-0.596534707,0.550716728,0.303288914,0,16,1,0,0,0,0,0,35,1,0
pseudo_negative,C21H34O_001,C21H34O,FALSE,TRUE,-0.600424813,0.548578543,0.300938418,1,16,1,3,0,0,0,0,33,1,0
pseudo_negative,C21H34O_002,C21H34O,FALSE,TRUE,-0.600574657,0.548496348,0.300848244,1,17,0,2,1,0,0,0,34,0,0
pseudo_negative,C20H34O2_001,C20H34O2,FALSE,TRUE,-0.601418352,0.54803378,0.300341024,0,17,0,2,2,0,0,0,34,0,0
pseudo_negative,C18H36O_001,C18H36O,FALSE,TRUE,-0.60340489,0.54694617,0.299150113,0,16,1,1,0,0,0,0,35,1,0
pseudo_negative,C18H36O_002,C18H36O,FALSE,TRUE,-0.603554734,0.54686422,0.299060475,0,17,0,0,1,0,0,0,36,0,0
pseudo_negative,C20H34O2_002,C20H34O2,FALSE,TRUE,-0.604596431,0.54629485,0.298438063,1,16,2,2,0,0,0,0,32,2,0
pseudo_negative,C20H34O2_003,C20H34O2,FALSE,TRUE,-0.604746275,0.546212997,0.298348638,1,17,1,1,1,0,0,0,33,1,0
pseudo_negative,C20H34O2_004,C20H34O2,FALSE,TRUE,-0.604896119,0.546131157,0.29825924,1,18,0,0,2,0,0,0,34,0,0
pseudo_negative,C22H34O_001,C22H34O,FALSE,TRUE,-0.60744484,0.544740993,0.296742749,1,17,0,3,1,0,0,0,34,0,0
pseudo_negative,C17H36O2_001,C17H36O2,FALSE,TRUE,-0.607576508,0.544669272,0.296664616,0,16,2,0,0,0,0,0,34,2,0
pseudo_negative,C21H34O2_001,C21H34O2,FALSE,TRUE,-0.608288535,0.544281591,0.296242451,0,17,0,3,2,0,0,0,34,0,0
pseudo_negative,C20H36_001,C20H36,FALSE,TRUE,-0.609581222,0.54357846,0.295477542,1,17,0,1,0,0,0,0,36,0,0
pseudo_negative,C21H34O2_002,C21H34O2,FALSE,TRUE,-0.611466614,0.542554567,0.294365458,1,16,2,3,0,0,0,0,32,2,0
pseudo_negative,C21H34O2_003,C21H34O2,FALSE,TRUE,-0.611616458,0.542473275,0.294277254,1,17,1,2,1,0,0,0,33,1,0
pseudo_negative,C21H34O2_004,C21H34O2,FALSE,TRUE,-0.611766302,0.542391995,0.294189076,1,18,0,1,2,0,0,0,34,0,0
pseudo_negative,C18H36O2_001,C18H36O2,FALSE,TRUE,-0.614446691,0.54094012,0.292616213,0,16,2,1,0,0,0,0,34,2,0
pseudo_negative,C18H36O2_002,C18H36O2,FALSE,TRUE,-0.614596535,0.540859069,0.292528533,0,17,1,0,1,0,0,0,35,1,0
pseudo_negative,C21H36_001,C21H36,FALSE,TRUE,-0.616451405,0.539856775,0.291445338,1,17,0,2,0,0,0,0,36,0,0
pseudo_negative,C20H36O_001,C20H36O,FALSE,TRUE,-0.6172951,0.539401493,0.290953971,0,17,0,2,1,0,0,0,36,0,0
pseudo_negative,C22H34O2_001,C22H34O2,FALSE,TRUE,-0.618486641,0.538759157,0.290261429,1,17,1,3,1,0,0,0,33,1,0
pseudo_negative,C22H34O2_002,C22H34O2,FALSE,TRUE,-0.618636485,0.538678433,0.290174455,1,18,0,2,2,0,0,0,34,0,0
pseudo_negative,C18H38_001,C18H38,FALSE,TRUE,-0.619431483,0.538250355,0.289713445,0,17,0,0,0,0,0,0,38,0,0
pseudo_negative,C20H36O_002,C20H36O,FALSE,TRUE,-0.620623023,0.53760939,0.289023856,1,17,1,1,0,0,0,0,35,1,0
pseudo_negative,C20H36O_003,C20H36O,FALSE,TRUE,-0.620772867,0.537528839,0.288937252,1,18,0,0,1,0,0,0,36,0,0
pseudo_negative,C22H36_001,C22H36,FALSE,TRUE,-0.623321588,0.536160572,0.287468159,1,17,0,3,0,0,0,0,36,0,0
pseudo_negative,C21H36O_001,C21H36O,FALSE,TRUE,-0.624165283,0.535708407,0.286983497,0,17,0,3,1,0,0,0,36,0,0
pseudo_negative,C23H34O2_001,C23H34O2,FALSE,TRUE,-0.625506668,0.534990298,0.286214619,1,18,0,3,2,0,0,0,34,0,0
pseudo_negative,C21H36O_002,C21H36O,FALSE,TRUE,-0.627493206,0.533928574,0.285079722,1,17,1,2,0,0,0,0,35,1,0
pseudo_negative,C21H36O_003,C21H36O,FALSE,TRUE,-0.62764305,0.533848574,0.2849943,1,18,0,1,1,0,0,0,36,0,0
pseudo_negative,C20H36O2_001,C20H36O2,FALSE,TRUE,-0.628336901,0.533478291,0.284599087,0,17,1,2,1,0,0,0,35,1,0
pseudo_negative,C20H36O2_002,C20H36O2,FALSE,TRUE,-0.628486745,0.533398358,0.284513809,0,18,0,1,2,0,0,0,36,0,0
pseudo_negative,C18H38O_001,C18H38O,FALSE,TRUE,-0.630473283,0.532339794,0.283385656,0,17,1,0,0,0,0,0,37,1,0
pseudo_negative,C20H36O2_003,C20H36O2,FALSE,TRUE,-0.631664824,0.531705867,0.282711129,1,17,2,1,0,0,0,0,34,2,0
pseudo_negative,C20H36O2_004,C20H36O2,FALSE,TRUE,-0.631814668,0.5316262,0.282626417,1,18,1,0,1,0,0,0,35,1,0
pseudo_negative,C20H38_001,C20H38,FALSE,TRUE,-0.633171848,0.530905177,0.281860307,0,17,0,2,0,0,0,0,38,0,0
pseudo_negative,C22H36O_001,C22H36O,FALSE,TRUE,-0.634363389,0.530272959,0.281189411,1,17,1,3,0,0,0,0,35,1,0
pseudo_negative,C22H36O_002,C22H36O,FALSE,TRUE,-0.634513233,0.530193506,0.281105154,1,18,0,2,1,0,0,0,36,0,0
pseudo_negative,C21H36O2_001,C21H36O2,FALSE,TRUE,-0.635207084,0.529825759,0.280715334,0,17,1,3,1,0,0,0,35,1,0
pseudo_negative,C21H36O2_002,C21H36O2,FALSE,TRUE,-0.635356928,0.529746373,0.28063122,0,18,0,2,2,0,0,0,36,0,0
pseudo_negative,C20H38_002,C20H38,FALSE,TRUE,-0.636649615,0.529062019,0.27990662,1,18,0,0,0,0,0,0,38,0,0
pseudo_negative,C21H36O2_003,C21H36O2,FALSE,TRUE,-0.638535007,0.52806547,0.278853141,1,17,2,2,0,0,0,0,34,2,0
pseudo_negative,C21H36O2_004,C21H36O2,FALSE,TRUE,-0.638684851,0.527986349,0.278769584,1,18,1,1,1,0,0,0,35,1,0
pseudo_negative,C21H36O2_005,C21H36O2,FALSE,TRUE,-0.638834694,0.527907239,0.278686053,1,19,0,0,2,0,0,0,36,0,0
pseudo_negative,C21H38_001,C21H38,FALSE,TRUE,-0.640042031,0.527270262,0.278013929,0,17,0,3,0,0,0,0,38,0,0
pseudo_negative,C23H36O_001,C23H36O,FALSE,TRUE,-0.641383416,0.526563464,0.277269081,1,18,0,3,1,0,0,0,36,0,0
pseudo_negative,C18H38O2_001,C18H38O2,FALSE,TRUE,-0.641515084,0.526494137,0.277196076,0,17,2,0,0,0,0,0,36,2,0
pseudo_negative,C22H36O2_001,C22H36O2,FALSE,TRUE,-0.642227111,0.526119392,0.276801615,0,18,0,3,2,0,0,0,36,0,0
pseudo_negative,C21H38_002,C21H38,FALSE,TRUE,-0.643519798,0.525439724,0.276086903,1,18,0,1,0,0,0,0,38,0,0
pseudo_negative,C20H38O_001,C20H38O,FALSE,TRUE,-0.644213649,0.525075273,0.275704043,0,17,1,2,0,0,0,0,37,1,0
pseudo_negative,C20H38O_002,C20H38O,FALSE,TRUE,-0.644363493,0.5249966,0.27562143,0,18,0,1,1,0,0,0,38,0,0
pseudo_negative,C22H36O2_002,C22H36O2,FALSE,TRUE,-0.64540519,0.524449997,0.2750478,1,17,2,3,0,0,0,0,34,2,0
pseudo_negative,C22H36O2_003,C22H36O2,FALSE,TRUE,-0.645555034,0.524371418,0.274965384,1,18,1,2,1,0,0,0,35,1,0
pseudo_negative,C22H36O2_004,C22H36O2,FALSE,TRUE,-0.645704877,0.52429285,0.274882992,1,19,0,1,2,0,0,0,36,0,0
pseudo_negative,C20H38O_003,C20H38O,FALSE,TRUE,-0.647691416,0.523252356,0.273793028,1,18,1,0,0,0,0,0,37,1,0
pseudo_negative,C22H38_001,C22H38,FALSE,TRUE,-0.650389981,0.521842228,0.272319311,1,18,0,2,0,0,0,0,38,0,0
pseudo_negative,C21H38O_001,C21H38O,FALSE,TRUE,-0.651083832,0.521480273,0.271941675,0,17,1,3,0,0,0,0,37,1,0
pseudo_negative,C21H38O_002,C21H38O,FALSE,TRUE,-0.651233676,0.521402138,0.27186019,0,18,0,2,1,0,0,0,38,0,0
pseudo_negative,C23H36O2_001,C23H36O2,FALSE,TRUE,-0.652425216,0.520781237,0.271213097,1,18,1,3,1,0,0,0,35,1,0
pseudo_negative,C23H36O2_002,C23H36O2,FALSE,TRUE,-0.65257506,0.520703207,0.271131829,1,19,0,2,2,0,0,0,36,0,0
pseudo_negative,C21H38O_003,C21H38O,FALSE,TRUE,-0.654561599,0.519669837,0.270056739,1,18,1,1,0,0,0,0,37,1,0
pseudo_negative,C21H38O_004,C21H38O,FALSE,TRUE,-0.654711443,0.519591973,0.269975818,1,19,0,0,1,0,0,0,38,0,0
pseudo_negative,C20H38O2_001,C20H38O2,FALSE,TRUE,-0.65525545,0.519309388,0.269682241,0,17,2,2,0,0,0,0,36,2,0
pseudo_negative,C20H38O2_002,C20H38O2,FALSE,TRUE,-0.655405294,0.519231579,0.269601432,0,18,1,1,1,0,0,0,37,1,0
pseudo_negative,C20H38O2_003,C20H38O2,FALSE,TRUE,-0.655555138,0.519153781,0.269520648,0,19,0,0,2,0,0,0,38,0,0
pseudo_negative,C23H38_001,C23H38,FALSE,TRUE,-0.657260164,0.518269364,0.268603134,1,18,0,3,0,0,0,0,38,0,0
pseudo_negative,C22H38O_001,C22H38O,FALSE,TRUE,-0.658103859,0.517832287,0.268150278,0,18,0,3,1,0,0,0,38,0,0
pseudo_negative,C20H38O2_004,C20H38O2,FALSE,TRUE,-0.658733216,0.517506488,0.267812965,1,18,2,0,0,0,0,0,36,2,0
pseudo_negative,C24H36O2_001,C24H36O2,FALSE,TRUE,-0.659445243,0.517138141,0.267431857,1,19,0,3,2,0,0,0,36,0,0
pseudo_negative,C20H40_001,C20H40,FALSE,TRUE,-0.660240241,0.51672718,0.267006979,0,18,0,1,0,0,0,0,40,0,0
pseudo_negative,C22H38O_002,C22H38O,FALSE,TRUE,-0.661431782,0.516111846,0.266371437,1,18,1,2,0,0,0,0,37,1,0
pseudo_negative,C22H38O_003,C22H38O,FALSE,TRUE,-0.661581626,0.516034515,0.266291621,1,19,0,1,1,0,0,0,38,0,0
pseudo_negative,C21H38O2_001,C21H38O2,FALSE,TRUE,-0.662125633,0.515753865,0.266002049,0,17,2,3,0,0,0,0,36,2,0
pseudo_negative,C21H38O2_002,C21H38O2,FALSE,TRUE,-0.662275477,0.515676588,0.265922344,0,18,1,2,1,0,0,0,37,1,0
pseudo_negative,C21H38O2_003,C21H38O2,FALSE,TRUE,-0.662425321,0.515599323,0.265842662,0,19,0,1,2,0,0,0,38,0,0
pseudo_negative,C21H38O2_004,C21H38O2,FALSE,TRUE,-0.665603399,0.513963309,0.264158283,1,18,2,1,0,0,0,0,36,2,0
pseudo_negative,C21H38O2_005,C21H38O2,FALSE,TRUE,-0.665753243,0.5138863,0.26407913,1,19,1,0,1,0,0,0,37,1,0
pseudo_negative,C21H40_001,C21H40,FALSE,TRUE,-0.667110424,0.513189337,0.263363295,0,18,0,2,0,0,0,0,40,0,0
pseudo_negative,C23H38O_001,C23H38O,FALSE,TRUE,-0.668301965,0.512578215,0.262736427,1,18,1,3,0,0,0,0,37,1,0
pseudo_negative,C23H38O_002,C23H38O,FALSE,TRUE,-0.668451809,0.512501414,0.2626577,1,19,0,2,1,0,0,0,38,0,0
pseudo_negative,C22H38O2_001,C22H38O2,FALSE,TRUE,-0.66914566,0.512145938,0.262293462,0,18,1,3,1,0,0,0,37,1,0
pseudo_negative,C22H38O2_002,C22H38O2,FALSE,TRUE,-0.669295504,0.512069202,0.262214867,0,19,0,2,2,0,0,0,38,0,0
pseudo_negative,C21H40_002,C21H40,FALSE,TRUE,-0.670588191,0.511407684,0.261537819,1,19,0,0,0,0,0,0,40,0,0
pseudo_negative,C20H40O_001,C20H40O,FALSE,TRUE,-0.671282042,0.511052966,0.261175134,0,18,1,1,0,0,0,0,39,1,0
pseudo_negative,C20H40O_002,C20H40O,FALSE,TRUE,-0.671431886,0.510976394,0.261096875,0,19,0,0,1,0,0,0,40,0,0
pseudo_negative,C22H38O2_003,C22H38O2,FALSE,TRUE,-0.672473582,0.510444389,0.260553474,1,18,2,2,0,0,0,0,36,2,0
pseudo_negative,C22H38O2_004,C22H38O2,FALSE,TRUE,-0.672623426,0.510367907,0.260475401,1,19,1,1,1,0,0,0,37,1,0
pseudo_negative,C22H38O2_005,C22H38O2,FALSE,TRUE,-0.67277327,0.510291438,0.260397351,1,20,0,0,2,0,0,0,38,0,0
pseudo_negative,C22H40_001,C22H40,FALSE,TRUE,-0.673980607,0.509675716,0.259769335,0,18,0,3,0,0,0,0,40,0,0
pseudo_negative,C24H38O_001,C24H38O,FALSE,TRUE,-0.675321992,0.508992503,0.259073368,1,19,0,3,1,0,0,0,38,0,0
pseudo_negative,C23H38O2_001,C23H38O2,FALSE,TRUE,-0.676165687,0.50856325,0.258636579,0,19,0,3,2,0,0,0,38,0,0
pseudo_negative,C22H40_002,C22H40,FALSE,TRUE,-0.677458374,0.507906261,0.25796877,1,19,0,1,0,0,0,0,40,0,0
pseudo_negative,C21H40O_001,C21H40O,FALSE,TRUE,-0.678152225,0.507553972,0.257611034,0,18,1,2,0,0,0,0,39,1,0
pseudo_negative,C21H40O_002,C21H40O,FALSE,TRUE,-0.678302069,0.507477924,0.257533843,0,19,0,1,1,0,0,0,40,0,0
pseudo_negative,C23H38O2_002,C23H38O2,FALSE,TRUE,-0.679343765,0.506949561,0.256997857,1,18,2,3,0,0,0,0,36,2,0
pseudo_negative,C23H38O2_003,C23H38O2,FALSE,TRUE,-0.679493609,0.506873603,0.25692085,1,19,1,2,1,0,0,0,37,1,0
pseudo_negative,C23H38O2_004,C23H38O2,FALSE,TRUE,-0.679643453,0.506797657,0.256843865,1,20,0,1,2,0,0,0,38,0,0
pseudo_negative,C21H40O_003,C21H40O,FALSE,TRUE,-0.681629992,0.505791884,0.255825429,1,19,1,0,0,0,0,0,39,1,0
pseudo_negative,C20H40O2_001,C20H40O2,FALSE,TRUE,-0.682323843,0.505441061,0.255470666,0,18,2,1,0,0,0,0,38,2,0
pseudo_negative,C20H40O2_002,C20H40O2,FALSE,TRUE,-0.682473687,0.505365329,0.255394116,0,19,1,0,1,0,0,0,39,1,0
pseudo_negative,C23H40_001,C23H40,FALSE,TRUE,-0.684328557,0.504428811,0.254448426,1,19,0,2,0,0,0,0,40,0,0
pseudo_negative,C22H40O_001,C22H40O,FALSE,TRUE,-0.685022408,0.504078934,0.254095572,0,18,1,3,0,0,0,0,39,1,0
pseudo_negative,C22H40O_002,C22H40O,FALSE,TRUE,-0.685172252,0.504003407,0.254019434,0,19,0,2,1,0,0,0,40,0,0
pseudo_negative,C24H38O2_001,C24H38O2,FALSE,TRUE,-0.686363792,0.503403224,0.253414806,1,19,1,3,1,0,0,0,37,1,0
pseudo_negative,C24H38O2_002,C24H38O2,FALSE,TRUE,-0.686513636,0.503327798,0.253338872,1,20,0,2,2,0,0,0,38,0,0
pseudo_negative,C20H42_001,C20H42,FALSE,TRUE,-0.687308634,0.502927812,0.252936384,0,19,0,0,0,0,0,0,42,0,0
pseudo_negative,C22H40O_003,C22H40O,FALSE,TRUE,-0.688500175,0.50232891,0.252334334,1,19,1,1,0,0,0,0,39,1,0
pseudo_negative,C22H40O_004,C22H40O,FALSE,TRUE,-0.688650018,0.502253645,0.252258724,1,20,0,0,1,0,0,0,40,0,0
pseudo_negative,C21H40O2_001,C21H40O2,FALSE,TRUE,-0.689194026,0.501980489,0.251984412,0,18,2,2,0,0,0,0,38,2,0
pseudo_negative,C21H40O2_002,C21H40O2,FALSE,TRUE,-0.68934387,0.501905276,0.251908906,0,19,1,1,1,0,0,0,39,1,0
pseudo_negative,C21H40O2_003,C21H40O2,FALSE,TRUE,-0.689493713,0.501830075,0.251833424,0,20,0,0,2,0,0,0,40,0,0
pseudo_negative,C24H40_001,C24H40,FALSE,TRUE,-0.69119874,0.50097517,0.250976121,1,19,0,3,0,0,0,0,40,0,0
pseudo_negative,C23H40O_001,C23H40O,FALSE,TRUE,-0.692042435,0.500552678,0.250552984,0,19,0,3,1,0,0,0,40,0,0
pseudo_negative,C21H40O2_004,C21H40O2,FALSE,TRUE,-0.692671792,0.500237751,0.250237807,1,19,2,0,0,0,0,0,38,2,0
pseudo_negative,C25H38O2_001,C25H38O2,FALSE,TRUE,-0.693383819,0.499881695,0.249881709,1,20,0,3,2,0,0,0,38,0,0
pseudo_negative,C21H42_001,C21H42,FALSE,TRUE,-0.694178817,0.499484448,0.249484714,0,19,0,1,0,0,0,0,42,0,0
pseudo_negative,C23H40O_002,C23H40O,FALSE,TRUE,-0.695370358,0.498889646,0.248890879,1,19,1,2,0,0,0,0,39,1,0
pseudo_negative,C23H40O_003,C23H40O,FALSE,TRUE,-0.695520201,0.498814896,0.248816301,1,20,0,1,1,0,0,0,40,0,0
pseudo_negative,C22H40O2_001,C22H40O2,FALSE,TRUE,-0.696064209,0.498543611,0.248545732,0,18,2,3,0,0,0,0,38,2,0
pseudo_negative,C22H40O2_002,C22H40O2,FALSE,TRUE,-0.696214053,0.498468913,0.248471257,0,19,1,2,1,0,0,0,39,1,0
pseudo_negative,C22H40O2_003,C22H40O2,FALSE,TRUE,-0.696363896,0.498394226,0.248396805,0,20,0,1,2,0,0,0,40,0,0
pseudo_negative,C20H42O_001,C20H42O,FALSE,TRUE,-0.698350435,0.49740513,0.247411863,0,19,1,0,0,0,0,0,41,1,0
pseudo_negative,C22H40O2_004,C22H40O2,FALSE,TRUE,-0.699541975,0.496812804,0.246822962,1,19,2,1,0,0,0,0,38,2,0
pseudo_negative,C22H40O2_005,C22H40O2,FALSE,TRUE,-0.699691819,0.496738365,0.246749004,1,20,1,0,1,0,0,0,39,1,0
pseudo_negative,C22H42_001,C22H42,FALSE,TRUE,-0.701049,0.496064659,0.246080146,0,19,0,2,0,0,0,0,42,0,0
pseudo_negative,C24H40O_001,C24H40O,FALSE,TRUE,-0.702240541,0.49547393,0.245494415,1,19,1,3,0,0,0,0,39,1,0
pseudo_negative,C24H40O_002,C24H40O,FALSE,TRUE,-0.702390384,0.495399692,0.245420854,1,20,0,2,1,0,0,0,40,0,0
pseudo_negative,C23H40O2_001,C23H40O2,FALSE,TRUE,-0.703084235,0.495056077,0.24508052,0,19,1,3,1,0,0,0,39,1,0
pseudo_negative,C23H40O2_002,C23H40O2,FALSE,TRUE,-0.703234079,0.494981902,0.245007083,0,20,0,2,2,0,0,0,40,0,0
pseudo_negative,C22H42_002,C22H42,FALSE,TRUE,-0.704526767,0.494342458,0.244374466,1,20,0,0,0,0,0,0,42,0,0
pseudo_negative,C21H42O_001,C21H42O,FALSE,TRUE,-0.705220618,0.493999577,0.244035582,0,19,1,1,0,0,0,0,41,1,0
pseudo_negative,C21H42O_002,C21H42O,FALSE,TRUE,-0.705370462,0.49392556,0.243962459,0,20,0,0,1,0,0,0,42,0,0
pseudo_negative,C23H40O2_003,C23H40O2,FALSE,TRUE,-0.706412158,0.493411307,0.243454718,1,19,2,2,0,0,0,0,38,2,0
pseudo_negative,C23H40O2_004,C23H40O2,FALSE,TRUE,-0.706562002,0.493337378,0.243381769,1,20,1,1,1,0,0,0,39,1,0
pseudo_negative,C23H40O2_005,C23H40O2,FALSE,TRUE,-0.706711846,0.49326346,0.243308841,1,21,0,0,2,0,0,0,40,0,0
pseudo_negative,C23H42_001,C23H42,FALSE,TRUE,-0.707919183,0.492668284,0.242722038,0,19,0,3,0,0,0,0,42,0,0
pseudo_negative,C25H40O_001,C25H40O,FALSE,TRUE,-0.709260567,0.49200787,0.242071744,1,20,0,3,1,0,0,0,40,0,0
pseudo_negative,C20H42O2_001,C20H42O2,FALSE,TRUE,-0.709392235,0.491943092,0.242008006,0,19,2,0,0,0,0,0,40,2,0
pseudo_negative,C24H40O2_001,C24H40O2,FALSE,TRUE,-0.710104262,0.49159294,0.241663619,0,20,0,3,2,0,0,0,40,0,0
pseudo_negative,C23H42_002,C23H42,FALSE,TRUE,-0.71139695,0.490957875,0.241039635,1,20,0,1,0,0,0,0,42,0,0
pseudo_negative,C22H42O_001,C22H42O,FALSE,TRUE,-0.712090801,0.490617341,0.240705376,0,19,1,2,0,0,0,0,41,1,0
pseudo_negative,C22H42O_002,C22H42O,FALSE,TRUE,-0.712240645,0.490543831,0.24063325,0,20,0,1,1,0,0,0,42,0,0
pseudo_negative,C24H40O2_002,C24H40O2,FALSE,TRUE,-0.713282341,0.490033099,0.240132438,1,19,2,3,0,0,0,0,38,2,0
pseudo_negative,C24H40O2_003,C24H40O2,FALSE,TRUE,-0.713432185,0.489959676,0.240060484,1,20,1,2,1,0,0,0,39,1,0
pseudo_negative,C24H40O2_004,C24H40O2,FALSE,TRUE,-0.713582029,0.489886264,0.239988552,1,21,0,1,2,0,0,0,40,0,0
pseudo_negative,C22H42O_003,C22H42O,FALSE,TRUE,-0.715568567,0.488914052,0.23903695,1,20,1,0,0,0,0,0,41,1,0
pseudo_negative,C21H42O2_001,C21H42O2,FALSE,TRUE,-0.716262418,0.488574936,0.238705468,0,19,2,1,0,0,0,0,40,2,0
pseudo_negative,C21H42O2_002,C21H42O2,FALSE,TRUE,-0.716412262,0.488501732,0.238633942,0,20,1,0,1,0,0,0,41,1,0
pseudo_negative,C24H42_001,C24H42,FALSE,TRUE,-0.718267133,0.487596464,0.237750312,1,20,0,2,0,0,0,0,42,0,0
pseudo_negative,C23H42O_001,C23H42O,FALSE,TRUE,-0.718960984,0.487258262,0.237420614,0,19,1,3,0,0,0,0,41,1,0
pseudo_negative,C23H42O_002,C23H42O,FALSE,TRUE,-0.719110828,0.487185255,0.237349473,0,20,0,2,1,0,0,0,42,0,0
pseudo_negative,C25H40O2_001,C25H40O2,FALSE,TRUE,-0.720302368,0.4866051,0.236784523,1,20,1,3,1,0,0,0,39,1,0
pseudo_negative,C25H40O2_002,C25H40O2,FALSE,TRUE,-0.720452212,0.486532191,0.236713572,1,21,0,2,2,0,0,0,40,0,0
pseudo_negative,C21H44_001,C21H44,FALSE,TRUE,-0.72124721,0.486145552,0.236337498,0,20,0,0,0,0,0,0,44,0,0
pseudo_negative,C23H42O_003,C23H42O,FALSE,TRUE,-0.72243875,0.485566635,0.235774957,1,20,1,1,0,0,0,0,41,1,0
pseudo_negative,C23H42O_004,C23H42O,FALSE,TRUE,-0.722588594,0.485493881,0.235704309,1,21,0,0,1,0,0,0,42,0,0
pseudo_negative,C22H42O2_001,C22H42O2,FALSE,TRUE,-0.723132601,0.485229841,0.235447999,0,19,2,2,0,0,0,0,40,2,0
pseudo_negative,C22H42O2_002,C22H42O2,FALSE,TRUE,-0.723282445,0.485157138,0.235377448,0,20,1,1,1,0,0,0,41,1,0
pseudo_negative,C22H42O2_003,C22H42O2,FALSE,TRUE,-0.723432289,0.485084445,0.235306919,0,21,0,0,2,0,0,0,42,0,0
pseudo_negative,C25H42_001,C25H42,FALSE,TRUE,-0.725137316,0.484258068,0.234505877,1,20,0,3,0,0,0,0,42,0,0
pseudo_negative,C24H42O_001,C24H42O,FALSE,TRUE,-0.725981011,0.483849674,0.234110507,0,20,0,3,1,0,0,0,42,0,0
pseudo_negative,C22H42O2_004,C22H42O2,FALSE,TRUE,-0.726610368,0.483545256,0.233816014,1,20,2,0,0,0,0,0,40,2,0
pseudo_negative,C22H44_001,C22H44,FALSE,TRUE,-0.728117393,0.48281709,0.233112342,0,20,0,1,0,0,0,0,44,0,0
pseudo_negative,C24H42O_002,C24H42O,FALSE,TRUE,-0.729308933,0.482242136,0.232557478,1,20,1,2,0,0,0,0,41,1,0
pseudo_negative,C24H42O_003,C24H42O,FALSE,TRUE,-0.729458777,0.482169881,0.232487794,1,21,0,1,1,0,0,0,42,0,0
pseudo_negative,C23H42O2_001,C23H42O2,FALSE,TRUE,-0.730002784,0.481907648,0.232234981,0,19,2,3,0,0,0,0,40,2,0
pseudo_negative,C23H42O2_002,C23H42O2,FALSE,TRUE,-0.730152628,0.481835443,0.232165394,0,20,1,2,1,0,0,0,41,1,0
pseudo_negative,C23H42O2_003,C23H42O2,FALSE,TRUE,-0.730302472,0.481763248,0.232095827,0,21,0,1,2,0,0,0,42,0,0
pseudo_negative,C21H44O_001,C21H44O,FALSE,TRUE,-0.732289011,0.480807157,0.231175522,0,20,1,0,0,0,0,0,43,1,0
pseudo_negative,C23H42O2_004,C23H42O2,FALSE,TRUE,-0.733480551,0.480234597,0.230625268,1,20,2,1,0,0,0,0,40,2,0
pseudo_negative,C23H42O2_005,C23H42O2,FALSE,TRUE,-0.733630395,0.480162642,0.230556163,1,21,1,0,1,0,0,0,41,1,0
pseudo_negative,C23H44_001,C23H44,FALSE,TRUE,-0.734987576,0.479511416,0.229931199,0,20,0,2,0,0,0,0,44,0,0
pseudo_negative,C25H42O_001,C25H42O,FALSE,TRUE,-0.736179116,0.478940399,0.229383906,1,20,1,3,0,0,0,0,41,1,0
pseudo_negative,C25H42O_002,C25H42O,FALSE,TRUE,-0.73632896,0.478868639,0.229315173,1,21,0,2,1,0,0,0,42,0,0
pseudo_negative,C24H42O2_001,C24H42O2,FALSE,TRUE,-0.737022811,0.47853649,0.228997173,0,20,1,3,1,0,0,0,41,1,0
pseudo_negative,C24H42O2_002,C24H42O2,FALSE,TRUE,-0.737172655,0.47846479,0.228928555,0,21,0,2,2,0,0,0,42,0,0
pseudo_negative,C23H44_002,C23H44,FALSE,TRUE,-0.738465343,0.477846684,0.228337453,1,21,0,0,0,0,0,0,44,0,0
pseudo_negative,C22H44O_001,C22H44O,FALSE,TRUE,-0.739159194,0.477515245,0.228020809,0,20,1,1,0,0,0,0,43,1,0
pseudo_negative,C22H44O_002,C22H44O,FALSE,TRUE,-0.739309037,0.477443697,0.227952484,0,21,0,0,1,0,0,0,44,0,0
pseudo_negative,C24H42O2_003,C24H42O2,FALSE,TRUE,-0.740350734,0.476946605,0.227478064,1,20,2,2,0,0,0,0,40,2,0
pseudo_negative,C24H42O2_004,C24H42O2,FALSE,TRUE,-0.740500578,0.476875143,0.227409902,1,21,1,1,1,0,0,0,41,1,0
pseudo_negative,C24H42O2_005,C24H42O2,FALSE,TRUE,-0.740650422,0.476803691,0.22734176,1,22,0,0,2,0,0,0,42,0,0
pseudo_negative,C24H44_001,C24H44,FALSE,TRUE,-0.741857759,0.476228376,0.226793466,0,20,0,3,0,0,0,0,44,0,0
pseudo_negative,C21H44O2_001,C21H44O2,FALSE,TRUE,-0.743330811,0.475527383,0.226126292,0,20,2,0,0,0,0,0,42,2,0
pseudo_negative,C25H42O2_001,C25H42O2,FALSE,TRUE,-0.744042838,0.475188915,0.225804505,0,21,0,3,2,0,0,0,42,0,0
pseudo_negative,C24H44_002,C24H44,FALSE,TRUE,-0.745335525,0.474575041,0.22522147,1,21,0,1,0,0,0,0,44,0,0
pseudo_negative,C23H44O_001,C23H44O,FALSE,TRUE,-0.746029377,0.474245871,0.224909146,0,20,1,2,0,0,0,0,43,1,0
pseudo_negative,C23H44O_002,C23H44O,FALSE,TRUE,-0.74617922,0.474174813,0.224841754,0,21,0,1,1,0,0,0,44,0,0
pseudo_negative,C25H42O2_002,C25H42O2,FALSE,TRUE,-0.747220917,0.473681124,0.224373808,1,20,2,3,0,0,0,0,40,2,0
pseudo_negative,C25H42O2_003,C25H42O2,FALSE,TRUE,-0.747370761,0.473610151,0.224306576,1,21,1,2,1,0,0,0,41,1,0
pseudo_negative,C25H42O2_004,C25H42O2,FALSE,TRUE,-0.747520605,0.473539189,0.224239364,1,22,0,1,2,0,0,0,42,0,0
pseudo_negative,C23H44O_003,C23H44O,FALSE,TRUE,-0.749507143,0.472599419,0.223350211,1,21,1,0,0,0,0,0,43,1,0
pseudo_negative,C22H44O2_001,C22H44O2,FALSE,TRUE,-0.750200994,0.472271619,0.223040482,0,20,2,1,0,0,0,0,42,2,0
pseudo_negative,C22H44O2_002,C22H44O2,FALSE,TRUE,-0.750350838,0.472200858,0.22297365,0,21,1,0,1,0,0,0,43,1,0
pseudo_negative,C25H44_001,C25H44,FALSE,TRUE,-0.752205708,0.471325798,0.222148008,1,21,0,2,0,0,0,0,44,0,0
pseudo_negative,C24H44O_001,C24H44O,FALSE,TRUE,-0.752899559,0.470998882,0.221839946,0,20,1,3,0,0,0,0,43,1,0
pseudo_negative,C24H44O_002,C24H44O,FALSE,TRUE,-0.753049403,0.470928311,0.221773474,0,21,0,2,1,0,0,0,44,0,0
pseudo_negative,C26H42O2_001,C26H42O2,FALSE,TRUE,-0.754390788,0.470297038,0.221179304,1,22,0,2,2,0,0,0,42,0,0
pseudo_negative,C22H46_001,C22H46,FALSE,TRUE,-0.755185786,0.469923302,0.220827909,0,21,0,0,0,0,0,0,46,0,0
pseudo_negative,C24H44O_003,C24H44O,FALSE,TRUE,-0.756377326,0.469363702,0.220302285,1,21,1,1,0,0,0,0,43,1,0
pseudo_negative,C24H44O_004,C24H44O,FALSE,TRUE,-0.75652717,0.469293376,0.220236273,1,22,0,0,1,0,0,0,44,0,0
pseudo_negative,C23H44O2_001,C23H44O2,FALSE,TRUE,-0.757071177,0.469038147,0.219996783,0,20,2,2,0,0,0,0,42,2,0
pseudo_negative,C23H44O2_002,C23H44O2,FALSE,TRUE,-0.757221021,0.46896787,0.219930863,0,21,1,1,1,0,0,0,43,1,0
pseudo_negative,C23H44O2_003,C23H44O2,FALSE,TRUE,-0.757370865,0.468897603,0.219864962,0,22,0,0,2,0,0,0,44,0,0
pseudo_negative,C25H44O_001,C25H44O,FALSE,TRUE,-0.759919586,0.467704035,0.218747065,0,21,0,3,1,0,0,0,44,0,0
pseudo_negative,C23H44O2_004,C23H44O2,FALSE,TRUE,-0.760548944,0.467409775,0.218471898,1,21,2,0,0,0,0,0,42,2,0
pseudo_negative,C23H46_001,C23H46,FALSE,TRUE,-0.762055969,0.466705907,0.217814404,0,21,0,1,0,0,0,0,46,0,0
pseudo_negative,C25H44O_002,C25H44O,FALSE,TRUE,-0.763247509,0.466150139,0.217295952,1,21,1,2,0,0,0,0,43,1,0
pseudo_negative,C25H44O_003,C25H44O,FALSE,TRUE,-0.763397353,0.466080295,0.217230841,1,22,0,1,1,0,0,0,44,0,0
pseudo_negative,C24H44O2_001,C24H44O2,FALSE,TRUE,-0.76394136,0.465826813,0.21699462,0,20,2,3,0,0,0,0,42,2,0
pseudo_negative,C24H44O2_002,C24H44O2,FALSE,TRUE,-0.764091204,0.465757017,0.216929599,0,21,1,2,1,0,0,0,43,1,0
pseudo_negative,C24H44O2_003,C24H44O2,FALSE,TRUE,-0.764241048,0.465687231,0.216864597,0,22,0,1,2,0,0,0,44,0,0
pseudo_negative,C22H46O_001,C22H46O,FALSE,TRUE,-0.766227586,0.464763044,0.216004687,0,21,1,0,0,0,0,0,45,1,0
pseudo_negative,C24H44O2_004,C24H44O2,FALSE,TRUE,-0.767419127,0.46420959,0.215490543,1,21,2,1,0,0,0,0,42,2,0
pseudo_negative,C24H44O2_005,C24H44O2,FALSE,TRUE,-0.767568971,0.464140036,0.215425973,1,22,1,0,1,0,0,0,43,1,0
pseudo_negative,C24H46_001,C24H46,FALSE,TRUE,-0.768926152,0.463510541,0.214842022,0,21,0,2,0,0,0,0,46,0,0
pseudo_negative,C26H44O_001,C26H44O,FALSE,TRUE,-0.770267536,0.462889212,0.214266423,1,22,0,2,1,0,0,0,44,0,0
pseudo_negative,C25H44O2_001,C25H44O2,FALSE,TRUE,-0.770961387,0.462568147,0.213969291,0,21,1,3,1,0,0,0,43,1,0
pseudo_negative,C25H44O2_002,C25H44O2,FALSE,TRUE,-0.771111231,0.46249884,0.213905177,0,22,0,2,2,0,0,0,44,0,0
pseudo_negative,C24H46_002,C24H46,FALSE,TRUE,-0.772403918,0.461901359,0.213352866,1,22,0,0,0,0,0,0,46,0,0
pseudo_negative,C23H46O_001,C23H46O,FALSE,TRUE,-0.773097769,0.46158098,0.213057001,0,21,1,1,0,0,0,0,45,1,0
pseudo_negative,C23H46O_002,C23H46O,FALSE,TRUE,-0.773247613,0.46151182,0.21299316,0,22,0,0,1,0,0,0,46,0,0
pseudo_negative,C25H44O2_003,C25H44O2,FALSE,TRUE,-0.77428931,0.461031315,0.212549873,1,21,2,2,0,0,0,0,42,2,0
pseudo_negative,C25H44O2_004,C25H44O2,FALSE,TRUE,-0.774439154,0.460962237,0.212486184,1,22,1,1,1,0,0,0,43,1,0
pseudo_negative,C25H44O2_005,C25H44O2,FALSE,TRUE,-0.774588998,0.46089317,0.212422514,1,23,0,0,2,0,0,0,44,0,0
pseudo_negative,C25H46_001,C25H46,FALSE,TRUE,-0.775796335,0.460337053,0.211910202,0,21,0,3,0,0,0,0,46,0,0
pseudo_negative,C22H46O2_001,C22H46O2,FALSE,TRUE,-0.777269387,0.459659451,0.211286811,0,21,2,0,0,0,0,0,44,2,0
pseudo_negative,C25H46_002,C25H46,FALSE,TRUE,-0.779274101,0.458738888,0.210441368,1,22,0,1,0,0,0,0,46,0,0
pseudo_negative,C24H46O_001,C24H46O,FALSE,TRUE,-0.779967952,0.458420702,0.21014954,0,21,1,2,0,0,0,0,45,1,0
pseudo_negative,C24H46O_002,C24H46O,FALSE,TRUE,-0.780117796,0.458352016,0.210086571,0,22,0,1,1,0,0,0,46,0,0
pseudo_negative,C26H44O2_001,C26H44O2,FALSE,TRUE,-0.781309337,0.457806196,0.209586513,1,22,1,2,1,0,0,0,43,1,0
pseudo_negative,C26H44O2_002,C26H44O2,FALSE,TRUE,-0.781459181,0.457737602,0.209523712,1,23,0,1,2,0,0,0,44,0,0
pseudo_negative,C24H46O_003,C24H46O,FALSE,TRUE,-0.783445719,0.456829191,0.20869291,1,22,1,0,0,0,0,0,45,1,0
pseudo_negative,C23H46O2_001,C23H46O2,FALSE,TRUE,-0.78413957,0.45651233,0.208403507,0,21,2,1,0,0,0,0,44,2,0
pseudo_negative,C23H46O2_002,C23H46O2,FALSE,TRUE,-0.784289414,0.456443929,0.208341061,0,22,1,0,1,0,0,0,45,1,0
pseudo_negative,C26H46_001,C26H46,FALSE,TRUE,-0.786144284,0.45559807,0.207569601,1,22,0,2,0,0,0,0,46,0,0
pseudo_negative,C25H46O_001,C25H46O,FALSE,TRUE,-0.786838135,0.455282062,0.207281756,0,21,1,3,0,0,0,0,45,1,0
pseudo_negative,C25H46O_002,C25H46O,FALSE,TRUE,-0.786987979,0.455213846,0.207219646,0,22,0,2,1,0,0,0,46,0,0
pseudo_negative,C23H48_001,C23H48,FALSE,TRUE,-0.789124362,0.454242373,0.206336134,0,22,0,0,0,0,0,0,48,0,0
pseudo_negative,C25H46O_003,C25H46O,FALSE,TRUE,-0.790315902,0.453701447,0.205845003,1,22,1,1,0,0,0,0,45,1,0
pseudo_negative,C25H46O_004,C25H46O,FALSE,TRUE,-0.790465746,0.453633468,0.205783323,1,23,0,0,1,0,0,0,46,0,0
pseudo_negative,C24H46O2_001,C24H46O2,FALSE,TRUE,-0.791009753,0.453386755,0.20555955,0,21,2,2,0,0,0,0,44,2,0
pseudo_negative,C24H46O2_002,C24H46O2,FALSE,TRUE,-0.791159597,0.453318823,0.205497956,0,22,1,1,1,0,0,0,45,1,0
pseudo_negative,C24H46O2_003,C24H46O2,FALSE,TRUE,-0.791309441,0.453250901,0.20543638,0,23,0,0,2,0,0,0,46,0,0
pseudo_negative,C24H46O2_004,C24H46O2,FALSE,TRUE,-0.79448752,0.451812721,0.204134735,1,22,2,0,0,0,0,0,44,2,0
pseudo_negative,C24H48_001,C24H48,FALSE,TRUE,-0.795994544,0.451132341,0.203520389,0,22,0,1,0,0,0,0,48,0,0
pseudo_negative,C26H46O_001,C26H46O,FALSE,TRUE,-0.797186085,0.450595118,0.203035961,1,22,1,2,0,0,0,0,45,1,0
pseudo_negative,C26H46O_002,C26H46O,FALSE,TRUE,-0.797335929,0.450527604,0.202975122,1,23,0,1,1,0,0,0,46,0,0
pseudo_negative,C25H46O2_001,C25H46O2,FALSE,TRUE,-0.797879936,0.450282581,0.202754403,0,21,2,3,0,0,0,0,44,2,0
pseudo_negative,C25H46O2_002,C25H46O2,FALSE,TRUE,-0.79802978,0.450215114,0.202693649,0,22,1,2,1,0,0,0,45,1,0
pseudo_negative,C25H46O2_003,C25H46O2,FALSE,TRUE,-0.798179624,0.450147657,0.202632913,0,23,0,1,2,0,0,0,46,0,0
pseudo_negative,C23H48O_001,C23H48O,FALSE,TRUE,-0.800166162,0.449254309,0.201829434,0,22,1,0,0,0,0,0,47,1,0
pseudo_negative,C25H46O2_004,C25H46O2,FALSE,TRUE,-0.801357703,0.448719323,0.201349031,1,22,2,1,0,0,0,0,44,2,0
pseudo_negative,C25H46O2_005,C25H46O2,FALSE,TRUE,-0.801507547,0.44865209,0.201288698,1,23,1,0,1,0,0,0,45,1,0
pseudo_negative,C25H48_001,C25H48,FALSE,TRUE,-0.802864727,0.448043601,0.200743068,0,22,0,2,0,0,0,0,48,0,0
pseudo_negative,C26H46O2_001,C26H46O2,FALSE,TRUE,-0.805049807,0.447065659,0.199867704,0,23,0,2,2,0,0,0,46,0,0
pseudo_negative,C25H48_002,C25H48,FALSE,TRUE,-0.806342494,0.446488116,0.199351638,1,23,0,0,0,0,0,0,48,0,0
pseudo_negative,C24H48O_001,C24H48O,FALSE,TRUE,-0.807036345,0.446178428,0.199075189,0,22,1,1,0,0,0,0,47,1,0
pseudo_negative,C24H48O_002,C24H48O,FALSE,TRUE,-0.807186189,0.446111575,0.199015538,0,23,0,0,1,0,0,0,48,0,0
pseudo_negative,C26H46O2_002,C26H46O2,FALSE,TRUE,-0.808227886,0.445647105,0.198601342,1,22,2,2,0,0,0,0,44,2,0
pseudo_negative,C26H46O2_003,C26H46O2,FALSE,TRUE,-0.80837773,0.445580332,0.198541832,1,23,1,1,1,0,0,0,45,1,0
pseudo_negative,C26H46O2_004,C26H46O2,FALSE,TRUE,-0.808527573,0.44551357,0.198482341,1,24,0,0,2,0,0,0,46,0,0
pseudo_negative,C23H48O2_001,C23H48O2,FALSE,TRUE,-0.811207963,0.444321019,0.197421168,0,22,2,0,0,0,0,0,46,2,0
pseudo_negative,C26H48_001,C26H48,FALSE,TRUE,-0.813212677,0.443431174,0.196631206,1,23,0,1,0,0,0,0,48,0,0
pseudo_negative,C25H48O_001,C25H48O,FALSE,TRUE,-0.813906528,0.443123606,0.19635853,0,22,1,2,0,0,0,0,47,1,0
pseudo_negative,C25H48O_002,C25H48O,FALSE,TRUE,-0.814056372,0.443057211,0.196299693,0,23,0,1,1,0,0,0,48,0,0
pseudo_negative,C25H48O_003,C25H48O,FALSE,TRUE,-0.817384295,0.441585202,0.194997491,1,23,1,0,0,0,0,0,47,1,0
pseudo_negative,C24H48O2_001,C24H48O2,FALSE,TRUE,-0.818078146,0.441278914,0.19472708,0,22,2,1,0,0,0,0,46,2,0
pseudo_negative,C24H48O2_002,C24H48O2,FALSE,TRUE,-0.81822799,0.441212796,0.194668731,0,23,1,0,1,0,0,0,47,1,0
pseudo_negative,C26H48O_001,C26H48O,FALSE,TRUE,-0.820926555,0.440023759,0.193620909,0,23,0,2,1,0,0,0,48,0,0
pseudo_negative,C28H46O2_001,C28H46O2,FALSE,TRUE,-0.822267939,0.439433914,0.193102165,1,24,0,2,2,0,0,0,46,0,0
pseudo_negative,C24H50_001,C24H50,FALSE,TRUE,-0.823062937,0.439084704,0.192795377,0,23,0,0,0,0,0,0,50,0,0
pseudo_negative,C26H48O_002,C26H48O,FALSE,TRUE,-0.824254478,0.438561828,0.192336477,1,23,1,1,0,0,0,0,47,1,0
pseudo_negative,C26H48O_003,C26H48O,FALSE,TRUE,-0.824404322,0.438496117,0.192278845,1,24,0,0,1,0,0,0,48,0,0
pseudo_negative,C25H48O2_001,C25H48O2,FALSE,TRUE,-0.824948329,0.438257637,0.192069757,0,22,2,2,0,0,0,0,46,2,0
pseudo_negative,C25H48O2_002,C25H48O2,FALSE,TRUE,-0.825098173,0.438191972,0.192012204,0,23,1,1,1,0,0,0,47,1,0
pseudo_negative,C25H48O2_003,C25H48O2,FALSE,TRUE,-0.825248017,0.438126316,0.191954669,0,24,0,0,2,0,0,0,48,0,0
pseudo_negative,C25H48O2_004,C25H48O2,FALSE,TRUE,-0.828426095,0.436736127,0.190738444,1,23,2,0,0,0,0,0,46,2,0
pseudo_negative,C25H50_001,C25H50,FALSE,TRUE,-0.82993312,0.43607845,0.190164415,0,23,0,1,0,0,0,0,50,0,0
pseudo_negative,C26H48O2_001,C26H48O2,FALSE,TRUE,-0.831968356,0.43519183,0.189391929,0,23,1,2,1,0,0,0,47,1,0
pseudo_negative,C26H48O2_002,C26H48O2,FALSE,TRUE,-0.8321182,0.435126624,0.189335179,0,24,0,1,2,0,0,0,48,0,0
pseudo_negative,C24H50O_001,C24H50O,FALSE,TRUE,-0.834104738,0.434263087,0.188584428,0,23,1,0,0,0,0,0,49,1,0
pseudo_negative,C26H48O2_003,C26H48O2,FALSE,TRUE,-0.835296278,0.433745953,0.188135552,1,23,2,1,0,0,0,0,46,2,0
pseudo_negative,C26H48O2_004,C26H48O2,FALSE,TRUE,-0.835446122,0.433680964,0.188079178,1,24,1,0,1,0,0,0,47,1,0
pseudo_negative,C26H50_001,C26H50,FALSE,TRUE,-0.836803303,0.433092779,0.187569355,0,23,0,2,0,0,0,0,50,0,0
pseudo_negative,C28H48O_001,C28H48O,FALSE,TRUE,-0.838144688,0.432512225,0.187066825,1,24,0,2,1,0,0,0,48,0,0
pseudo_negative,C26H50_002,C26H50,FALSE,TRUE,-0.84028107,0.4315892,0.186269237,1,24,0,0,0,0,0,0,50,0,0
pseudo_negative,C25H50O_001,C25H50O,FALSE,TRUE,-0.840974921,0.431289845,0.18601093,0,23,1,1,0,0,0,0,49,1,0
pseudo_negative,C25H50O_002,C25H50O,FALSE,TRUE,-0.841124765,0.431225224,0.185955193,0,24,0,0,1,0,0,0,50,0,0
pseudo_negative,C24H50O2_001,C24H50O2,FALSE,TRUE,-0.845146539,0.429494416,0.184465453,0,23,2,0,0,0,0,0,48,2,0
pseudo_negative,C26H50O_001,C26H50O,FALSE,TRUE,-0.847845104,0.42833696,0.183472551,0,23,1,2,0,0,0,0,49,1,0
pseudo_negative,C26H50O_002,C26H50O,FALSE,TRUE,-0.847994948,0.428272781,0.183417575,0,24,0,1,1,0,0,0,50,0,0
pseudo_negative,C28H48O2_001,C28H48O2,FALSE,TRUE,-0.849186488,0.42776278,0.182980996,1,24,1,2,1,0,0,0,47,1,0
pseudo_negative,C28H48O2_002,C28H48O2,FALSE,TRUE,-0.849336332,0.427698688,0.182926167,1,25,0,1,2,0,0,0,48,0,0
pseudo_negative,C26H50O_003,C26H50O,FALSE,TRUE,-0.851322871,0.426849891,0.18220083,1,24,1,0,0,0,0,0,49,1,0
pseudo_negative,C25H50O2_001,C25H50O2,FALSE,TRUE,-0.852016722,0.426553824,0.181948164,0,23,2,1,0,0,0,0,48,2,0
pseudo_negative,C25H50O2_002,C25H50O2,FALSE,TRUE,-0.852166566,0.426489912,0.181893645,0,24,1,0,1,0,0,0,49,1,0
pseudo_negative,C28H50_001,C28H50,FALSE,TRUE,-0.854021436,0.425699562,0.181220117,1,24,0,2,0,0,0,0,50,0,0
pseudo_negative,C25H52_001,C25H52,FALSE,TRUE,-0.857001513,0.424432832,0.180143229,0,24,0,0,0,0,0,0,52,0,0
pseudo_negative,C26H50O2_001,C26H50O2,FALSE,TRUE,-0.858886905,0.423633364,0.179465227,0,23,2,2,0,0,0,0,48,2,0
pseudo_negative,C26H50O2_002,C26H50O2,FALSE,TRUE,-0.859036748,0.42356989,0.179411452,0,24,1,1,1,0,0,0,49,1,0
pseudo_negative,C26H50O2_003,C26H50O2,FALSE,TRUE,-0.859186592,0.423506426,0.179357693,0,25,0,0,2,0,0,0,50,0,0
pseudo_negative,C26H50O2_004,C26H50O2,FALSE,TRUE,-0.862364671,0.422162625,0.178221282,1,24,2,0,0,0,0,0,48,2,0
pseudo_negative,C30H48O2_001,C30H48O2,FALSE,TRUE,-0.863076698,0.421862141,0.177967666,1,25,0,3,2,0,0,0,48,0,0
pseudo_negative,C26H52_001,C26H52,FALSE,TRUE,-0.863871696,0.421526895,0.177684923,0,24,0,1,0,0,0,0,52,0,0
pseudo_negative,C28H50O_001,C28H50O,FALSE,TRUE,-0.865063236,0.421024928,0.17726199,1,24,1,2,0,0,0,0,49,1,0
pseudo_negative,C28H50O_002,C28H50O,FALSE,TRUE,-0.86521308,0.420961844,0.177208874,1,25,0,1,1,0,0,0,50,0,0
pseudo_negative,C25H52O_001,C25H52O,FALSE,TRUE,-0.868043314,0.419772109,0.176208623,0,24,1,0,0,0,0,0,51,1,0
pseudo_negative,C28H50O2_001,C28H50O2,FALSE,TRUE,-0.872926958,0.417727088,0.17449592,0,25,0,2,2,0,0,0,50,0,0
pseudo_negative,C26H52O_001,C26H52O,FALSE,TRUE,-0.874913497,0.416898081,0.17380401,0,24,1,1,0,0,0,0,51,1,0
pseudo_negative,C26H52O_002,C26H52O,FALSE,TRUE,-0.875063341,0.416835616,0.173751931,0,25,0,0,1,0,0,0,52,0,0
pseudo_negative,C28H50O2_002,C28H50O2,FALSE,TRUE,-0.876105037,0.416401626,0.173390314,1,24,2,2,0,0,0,0,48,2,0
pseudo_negative,C28H50O2_003,C28H50O2,FALSE,TRUE,-0.876254881,0.416339236,0.173338359,1,25,1,1,1,0,0,0,49,1,0
pseudo_negative,C28H50O2_004,C28H50O2,FALSE,TRUE,-0.876404725,0.416276854,0.173286419,1,26,0,0,2,0,0,0,50,0,0
pseudo_negative,C30H50O_001,C30H50O,FALSE,TRUE,-0.878953446,0.415217231,0.172405349,1,25,0,3,1,0,0,0,50,0,0
pseudo_negative,C25H52O2_001,C25H52O2,FALSE,TRUE,-0.879085114,0.415162564,0.172359955,0,24,2,0,0,0,0,0,50,2,0
pseudo_negative,C28H52_001,C28H52,FALSE,TRUE,-0.881089829,0.414331116,0.171670273,1,25,0,1,0,0,0,0,52,0,0
pseudo_negative,C26H52O2_001,C26H52O2,FALSE,TRUE,-0.885955297,0.412320097,0.170007862,0,24,2,1,0,0,0,0,50,2,0
pseudo_negative,C26H52O2_002,C26H52O2,FALSE,TRUE,-0.886105141,0.412258318,0.169956921,0,25,1,0,1,0,0,0,51,1,0
pseudo_negative,C28H52O_001,C28H52O,FALSE,TRUE,-0.888803707,0.411147311,0.169042112,0,25,0,2,1,0,0,0,52,0,0
pseudo_negative,C30H50O2_001,C30H50O2,FALSE,TRUE,-0.889995247,0.410657705,0.16863975,1,25,1,3,1,0,0,0,49,1,0
pseudo_negative,C30H50O2_002,C30H50O2,FALSE,TRUE,-0.890145091,0.410596175,0.168589219,1,26,0,2,2,0,0,0,50,0,0
pseudo_negative,C26H54_001,C26H54,FALSE,TRUE,-0.890940089,0.410269881,0.168321375,0,25,0,0,0,0,0,0,54,0,0
pseudo_negative,C28H52O_002,C28H52O,FALSE,TRUE,-0.892131629,0.409781319,0.16792073,1,25,1,1,0,0,0,0,51,1,0
pseudo_negative,C28H52O_003,C28H52O,FALSE,TRUE,-0.892281473,0.409719921,0.167870413,1,26,0,0,1,0,0,0,52,0,0
pseudo_negative,C30H52_001,C30H52,FALSE,TRUE,-0.894830195,0.408676988,0.167016881,1,25,0,3,0,0,0,0,52,0,0
pseudo_negative,C28H52O2_001,C28H52O2,FALSE,TRUE,-0.899845507,0.406632477,0.165349971,0,25,1,2,1,0,0,0,51,1,0
pseudo_negative,C28H52O2_002,C28H52O2,FALSE,TRUE,-0.899995351,0.40657155,0.165300425,0,26,0,1,2,0,0,0,52,0,0
pseudo_negative,C26H54O_001,C26H54O,FALSE,TRUE,-0.90198189,0.405764682,0.164644977,0,25,1,0,0,0,0,0,53,1,0
pseudo_negative,C28H52O2_003,C28H52O2,FALSE,TRUE,-0.90317343,0.405281484,0.164253082,1,25,2,1,0,0,0,0,50,2,0
pseudo_negative,C28H52O2_004,C28H52O2,FALSE,TRUE,-0.903323274,0.40522076,0.164203864,1,26,1,0,1,0,0,0,51,1,0
pseudo_negative,C28H54_001,C28H54,FALSE,TRUE,-0.904680455,0.404671175,0.16375876,0,25,0,2,0,0,0,0,54,0,0
pseudo_negative,C30H52O_001,C30H52O,FALSE,TRUE,-0.905871995,0.40418928,0.163368974,1,25,1,3,0,0,0,0,51,1,0
pseudo_negative,C30H52O_002,C30H52O,FALSE,TRUE,-0.906021839,0.404128719,0.163320022,1,26,0,2,1,0,0,0,52,0,0
pseudo_negative,C28H54_002,C28H54,FALSE,TRUE,-0.908158221,0.403266268,0.162623683,1,26,0,0,0,0,0,0,54,0,0
pseudo_negative,C26H54O2_001,C26H54O2,FALSE,TRUE,-0.91302369,0.401308954,0.161048876,0,25,2,0,0,0,0,0,52,2,0
pseudo_negative,C30H52O2_001,C30H52O2,FALSE,TRUE,-0.913735717,0.401023313,0.160819697,0,26,0,3,2,0,0,0,52,0,0
pseudo_negative,C28H54O_001,C28H54O,FALSE,TRUE,-0.915722255,0.400227455,0.160182016,0,25,1,2,0,0,0,0,53,1,0
pseudo_negative,C28H54O_002,C28H54O,FALSE,TRUE,-0.915872099,0.400167488,0.160134018,0,26,0,1,1,0,0,0,54,0,0
pseudo_negative,C30H52O2_002,C30H52O2,FALSE,TRUE,-0.916913796,0.399750852,0.159800744,1,25,2,3,0,0,0,0,50,2,0
pseudo_negative,C30H52O2_003,C30H52O2,FALSE,TRUE,-0.91706364,0.399690956,0.159752861,1,26,1,2,1,0,0,0,51,1,0
pseudo_negative,C30H52O2_004,C30H52O2,FALSE,TRUE,-0.917213484,0.399631069,0.159704992,1,27,0,1,2,0,0,0,52,0,0
pseudo_negative,C28H54O_003,C28H54O,FALSE,TRUE,-0.919200022,0.398837975,0.15907173,1,26,1,0,0,0,0,0,53,1,0
pseudo_negative,C30H54_001,C30H54,FALSE,TRUE,-0.921898587,0.397763136,0.158215512,1,26,0,2,0,0,0,0,54,0,0
pseudo_negative,C28H54O2_001,C28H54O2,FALSE,TRUE,-0.926764056,0.395832532,0.156683393,0,25,2,2,0,0,0,0,52,2,0
pseudo_negative,C28H54O2_002,C28H54O2,FALSE,TRUE,-0.9269139,0.395773223,0.156636444,0,26,1,1,1,0,0,0,53,1,0
pseudo_negative,C28H54O2_003,C28H54O2,FALSE,TRUE,-0.927063744,0.395713924,0.156589509,0,27,0,0,2,0,0,0,54,0,0
pseudo_negative,C30H54O_001,C30H54O,FALSE,TRUE,-0.929612465,0.394706643,0.155793334,0,26,0,3,1,0,0,0,54,0,0
pseudo_negative,C28H54O2_004,C28H54O2,FALSE,TRUE,-0.930241823,0.39445831,0.155597358,1,26,2,0,0,0,0,0,52,2,0
pseudo_negative,C28H56_001,C28H56,FALSE,TRUE,-0.931748848,0.393864299,0.155129086,0,26,0,1,0,0,0,0,56,0,0
pseudo_negative,C30H54O_002,C30H54O,FALSE,TRUE,-0.932940388,0.393395273,0.154759841,1,26,1,2,0,0,0,0,53,1,0
pseudo_negative,C30H54O_003,C30H54O,FALSE,TRUE,-0.933090232,0.39333633,0.154713468,1,27,0,1,1,0,0,0,54,0,0
pseudo_negative,C30H54O2_001,C30H54O2,FALSE,TRUE,-0.940654266,0.390372344,0.152390567,0,26,1,3,1,0,0,0,53,1,0
pseudo_negative,C30H54O2_002,C30H54O2,FALSE,TRUE,-0.94080411,0.390313854,0.152344905,0,27,0,2,2,0,0,0,54,0,0
pseudo_negative,C28H56O_001,C28H56O,FALSE,TRUE,-0.942790648,0.38953925,0.151740827,0,26,1,1,0,0,0,0,55,1,0
pseudo_negative,C28H56O_002,C28H56O,FALSE,TRUE,-0.942940492,0.389480884,0.151695359,0,27,0,0,1,0,0,0,56,0,0
pseudo_negative,C30H54O2_003,C30H54O2,FALSE,TRUE,-0.943982189,0.389075375,0.151379647,1,26,2,2,0,0,0,0,52,2,0
pseudo_negative,C30H54O2_004,C30H54O2,FALSE,TRUE,-0.944132033,0.389017079,0.151334287,1,27,1,1,1,0,0,0,53,1,0
pseudo_negative,C30H54O2_005,C30H54O2,FALSE,TRUE,-0.944281877,0.388958791,0.151288941,1,28,0,0,2,0,0,0,54,0,0
pseudo_negative,C30H56_001,C30H56,FALSE,TRUE,-0.945489214,0.38848947,0.150924068,0,26,0,3,0,0,0,0,56,0,0
pseudo_negative,C30H56_002,C30H56,FALSE,TRUE,-0.94896698,0.387140741,0.149877953,1,27,0,1,0,0,0,0,56,0,0
pseudo_negative,C28H56O2_001,C28H56O2,FALSE,TRUE,-0.953832449,0.385261695,0.148426573,0,26,2,1,0,0,0,0,54,2,0
pseudo_negative,C28H56O2_002,C28H56O2,FALSE,TRUE,-0.953982293,0.38520397,0.148382098,0,27,1,0,1,0,0,0,55,1,0
pseudo_negative,C30H56O_001,C30H56O,FALSE,TRUE,-0.956531014,0.384223442,0.147627654,0,26,1,3,0,0,0,0,55,1,0
pseudo_negative,C30H56O_002,C30H56O,FALSE,TRUE,-0.956680858,0.384165873,0.147583418,0,27,0,2,1,0,0,0,56,0,0
pseudo_negative,C28H58_001,C28H58,FALSE,TRUE,-0.95881724,0.383346024,0.146954174,0,27,0,0,0,0,0,0,58,0,0
pseudo_negative,C30H56O_003,C30H56O,FALSE,TRUE,-0.960008781,0.382889524,0.146604387,1,27,1,1,0,0,0,0,55,1,0
pseudo_negative,C30H56O_004,C30H56O,FALSE,TRUE,-0.960158625,0.382832154,0.146560459,1,28,0,0,1,0,0,0,56,0,0
pseudo_negative,C30H56O2_001,C30H56O2,FALSE,TRUE,-0.967572815,0.38000426,0.144403238,0,26,2,3,0,0,0,0,54,2,0
pseudo_negative,C30H56O2_002,C30H56O2,FALSE,TRUE,-0.967722659,0.379947323,0.144359968,0,27,1,2,1,0,0,0,55,1,0
pseudo_negative,C30H56O2_003,C30H56O2,FALSE,TRUE,-0.967872503,0.379890395,0.144316712,0,28,0,1,2,0,0,0,56,0,0
pseudo_negative,C28H58O_001,C28H58O,FALSE,TRUE,-0.969859041,0.379136477,0.143744468,0,27,1,0,0,0,0,0,57,1,0
pseudo_negative,C30H56O2_004,C30H56O2,FALSE,TRUE,-0.971050582,0.37868499,0.143402321,1,27,2,1,0,0,0,0,54,2,0
pseudo_negative,C30H56O2_005,C30H56O2,FALSE,TRUE,-0.971200425,0.37862825,0.143359352,1,28,1,0,1,0,0,0,55,1,0
pseudo_negative,C30H58_001,C30H58,FALSE,TRUE,-0.972557606,0.378114732,0.14297075,0,27,0,2,0,0,0,0,58,0,0
pseudo_negative,C30H58_002,C30H58,FALSE,TRUE,-0.976035373,0.376802021,0.141979763,1,28,0,0,0,0,0,0,58,0,0
pseudo_negative,C28H58O2_001,C28H58O2,FALSE,TRUE,-0.980900842,0.374973155,0.140604867,0,27,2,0,0,0,0,0,56,2,0
pseudo_negative,C30H58O_001,C30H58O,FALSE,TRUE,-0.983599407,0.37396263,0.139848048,0,27,1,2,0,0,0,0,57,1,0
pseudo_negative,C30H58O_002,C30H58O,FALSE,TRUE,-0.983749251,0.373906598,0.139806144,0,28,0,1,1,0,0,0,58,0,0
pseudo_negative,C30H58O_003,C30H58O,FALSE,TRUE,-0.987077174,0.372664334,0.138878706,1,28,1,0,0,0,0,0,57,1,0
pseudo_negative,C30H58O2_001,C30H58O2,FALSE,TRUE,-0.994641208,0.369856122,0.136793551,0,27,2,2,0,0,0,0,56,2,0
pseudo_negative,C30H58O2_002,C30H58O2,FALSE,TRUE,-0.994791052,0.369800706,0.136752562,0,28,1,1,1,0,0,0,57,1,0
pseudo_negative,C30H58O2_003,C30H58O2,FALSE,TRUE,-0.994940896,0.369745297,0.136711585,0,29,0,0,2,0,0,0,58,0,0
pseudo_negative,C30H58O2_004,C30H58O2,FALSE,TRUE,-0.998118974,0.368572083,0.13584538,1,28,2,0,0,0,0,0,56,2,0
pseudo_negative,C30H60_001,C30H60,FALSE,TRUE,-0.999625999,0.368017054,0.135436552,0,28,0,1,0,0,0,0,60,0,0
pseudo_negative,C30H60O_001,C30H60O,FALSE,TRUE,-1.0106678,0.363975835,0.132478409,0,28,1,1,0,0,0,0,59,1,0
pseudo_negative,C30H60O_002,C30H60O,FALSE,TRUE,-1.010817644,0.3639213,0.132438713,0,29,0,0,1,0,0,0,60,0,0
pseudo_negative,C30H60O2_001,C30H60O2,FALSE,TRUE,-1.021709601,0.359978994,0.129584876,0,28,2,1,0,0,0,0,58,2,0
pseudo_negative,C30H60O2_002,C30H60O2,FALSE,TRUE,-1.021859444,0.359925057,0.129546047,0,29,1,0,1,0,0,0,59,1,0
pseudo_negative,C30H62_001,C30H62,FALSE,TRUE,-1.026694392,0.358189038,0.128299387,0,29,0,0,0,0,0,0,62,0,0
pseudo_negative,C30H62O_001,C30H62O,FALSE,TRUE,-1.037736193,0.354255742,0.12549713,0,29,1,0,0,0,0,0,61,1,0
pseudo_negative,C30H62O2_001,C30H62O2,FALSE,TRUE,-1.048777993,0.350365637,0.122756079,0,29,2,0,0,0,0,0,60,2,0