plot_order,structure_id,formula,in_ffcmii_reference,ffcmii_species_keys,stageII_category,occurrences,state_resolved,in_training_set,display_group
1,M00166,C4H6,True,C4H612,new_candidate,1,False,False,ffcmii_only
2,M00330,C2H6O2,True,C2H5OOH,new_candidate,3,False,False,ffcmii_only
3,M00586,C2H5O,True,CH3CHOH,new_candidate,3,False,False,ffcmii_only
4,M00630,C4H2,True,C4H2,new_candidate,2,False,False,ffcmii_only
5,M00001,C2HO2,False,,new_candidate,1194,False,False,unvalidated
6,M00010,C2H2O,False,,new_candidate,1288,False,False,unvalidated
7,M00011,C2HO,False,,new_candidate,123,False,False,unvalidated
8,M00012,C2H2O2,False,,new_candidate,5981,False,False,unvalidated
9,M00014,C3H2O,False,,new_candidate,66,False,False,unvalidated
10,M00015,CH2O2,False,,new_candidate,2344,False,False,unvalidated
11,M00017,C2H2O,False,,new_candidate,4003,False,False,unvalidated
12,M00023,C3H3O,False,,new_candidate,221,False,False,unvalidated
13,M00026,C2H3O,False,,new_candidate,3876,False,False,unvalidated
14,M00029,C2H2O,False,,new_candidate,474,False,False,unvalidated
15,M00030,C3H3,False,,new_candidate,1,False,False,unvalidated
16,M00034,C2O2,False,,new_candidate,715,False,False,unvalidated
17,M00038,CHO2,False,,new_candidate,207,False,False,unvalidated
18,M00039,C3H3O3,False,,new_candidate,3,False,False,unvalidated
19,M00040,CH2O,False,,new_candidate,600,False,False,unvalidated
20,M00041,CH2O,False,,new_candidate,172,False,False,unvalidated
21,M00042,C2H2O2,False,,new_candidate,52,False,False,unvalidated
22,M00043,C3H4O,False,,new_candidate,1,False,False,unvalidated
23,M00044,C2H3O2,False,,new_candidate,198,False,False,unvalidated
24,M00045,C3H2O,False,,new_candidate,2,False,False,unvalidated
25,M00046,C2H2O,False,,new_candidate,148,False,False,unvalidated
26,M00048,C3H2O2,False,,new_candidate,314,False,False,unvalidated
27,M00049,C2,False,,new_candidate,62,False,False,unvalidated
28,M00050,C3H2,False,,new_candidate,43,False,False,unvalidated
29,M00051,C2H4,False,,new_candidate,300,False,False,unvalidated
30,M00052,C2HO,False,,new_candidate,1250,False,False,unvalidated
31,M00054,C3H3O2,False,,new_candidate,84,False,False,unvalidated
32,M00055,C2HO,False,,new_candidate,90,False,False,unvalidated
33,M00057,C2H2O2,False,,new_candidate,203,False,False,unvalidated
34,M00058,C2HO,False,,new_candidate,799,False,False,unvalidated
35,M00059,C3H2O,False,,new_candidate,279,False,False,unvalidated
36,M00060,C3H3O,False,,new_candidate,24,False,False,unvalidated
37,M00061,C2H4O2,False,,new_candidate,479,False,False,unvalidated
38,M00062,C3HO2,False,,new_candidate,57,False,False,unvalidated
39,M00063,C3H3O,False,,new_candidate,1,False,False,unvalidated
40,M00064,CHO2,False,,new_candidate,214,False,False,unvalidated
41,M00065,C4H3O,False,,new_candidate,1,False,False,unvalidated
42,M00066,CHO,False,,new_candidate,592,False,False,unvalidated
43,M00067,C2HO3,False,,new_candidate,7,False,False,unvalidated
44,M00069,C2H2,False,,new_candidate,72,False,False,unvalidated
45,M00070,C2O2,False,,new_candidate,156,False,False,unvalidated
46,M00071,C2,False,,new_candidate,363,False,False,unvalidated
47,M00072,C2H4O2,False,,new_candidate,262,False,False,unvalidated
48,M00074,CH2O2,False,,new_candidate,136,False,False,unvalidated
49,M00075,C2H4,False,,new_candidate,32,False,False,unvalidated
50,M00076,C2H3O2,False,,new_candidate,116,False,False,unvalidated
51,M00077,C3H4O,False,,new_candidate,91,False,False,unvalidated
52,M00078,C2H2,False,,new_candidate,541,False,False,unvalidated
53,M00080,C2H2O,False,,new_candidate,114,False,False,unvalidated
54,M00081,C3H2O,False,,new_candidate,229,False,False,unvalidated
55,M00082,C2H2O2,False,,new_candidate,484,False,False,unvalidated
56,M00083,C2O3,False,,new_candidate,5,False,False,unvalidated
57,M00084,C2HO2,False,,new_candidate,11,False,False,unvalidated
58,M00085,C3H4O2,False,,new_candidate,22,False,False,unvalidated
59,M00086,C2H2O2,False,,new_candidate,53,False,False,unvalidated
60,M00087,C2H2O,False,,new_candidate,66,False,False,unvalidated
61,M00089,C2H3O2,False,,new_candidate,250,False,False,unvalidated
62,M00090,C2H3,False,,new_candidate,67,False,False,unvalidated
63,M00092,C2H4O3,False,,new_candidate,82,False,False,unvalidated
64,M00093,C2H3O2,False,,new_candidate,19,False,False,unvalidated
65,M00094,C2H2O3,False,,new_candidate,99,False,False,unvalidated
66,M00095,C3H4O3,False,,new_candidate,1,False,False,unvalidated
67,M00097,C3H4O2,False,,new_candidate,7,False,False,unvalidated
68,M00098,C3H2O2,False,,new_candidate,144,False,False,unvalidated
69,M00100,CO,False,,new_candidate,401,False,False,unvalidated
70,M00101,C2H,False,,new_candidate,400,False,False,unvalidated
71,M00102,C2H4O,False,,new_candidate,39,False,False,unvalidated
72,M00104,C3O2,False,,new_candidate,30,False,False,unvalidated
73,M00105,C3H3O,False,,new_candidate,47,False,False,unvalidated
74,M00106,CHO,False,,new_candidate,45,False,False,unvalidated
75,M00107,C3HO2,False,,new_candidate,73,False,False,unvalidated
76,M00108,C2H2O3,False,,new_candidate,75,False,False,unvalidated
77,M00109,C3H3O2,False,,new_candidate,40,False,False,unvalidated
78,M00110,C2HO,False,,new_candidate,1,False,False,unvalidated
79,M00111,CHO2,False,,new_candidate,6,False,False,unvalidated
80,M00112,C3H2O2,False,,new_candidate,17,False,False,unvalidated
81,M00113,CO,False,,new_candidate,37,False,False,unvalidated
82,M00114,C3H4O,False,,new_candidate,22,False,False,unvalidated
83,M00115,CH3O2,False,,new_candidate,29,False,False,unvalidated
84,M00116,C2HO2,False,,new_candidate,82,False,False,unvalidated
85,M00117,C2O2,False,,new_candidate,18,False,False,unvalidated
86,M00118,C2H2O2,False,,new_candidate,39,False,False,unvalidated
87,M00119,C3H2O,False,,new_candidate,17,False,False,unvalidated
88,M00120,C3H3O2,False,,new_candidate,19,False,False,unvalidated
89,M00121,C2H6O2,False,,new_candidate,20,False,False,unvalidated
90,M00122,C2H2O,False,,new_candidate,404,False,False,unvalidated
91,M00123,C2H2O,False,,new_candidate,63,False,False,unvalidated
92,M00124,C3H4O2,False,,new_candidate,94,False,False,unvalidated
93,M00125,CO2,False,,new_candidate,8,False,False,unvalidated
94,M00126,C3HO,False,,new_candidate,22,False,False,unvalidated
95,M00127,C3H3O,False,,new_candidate,45,False,False,unvalidated
96,M00128,C2H4O2,False,,new_candidate,26,False,False,unvalidated
97,M00129,C3H5O,False,,new_candidate,31,False,False,unvalidated
98,M00130,C2H3O2,False,,new_candidate,32,False,False,unvalidated
99,M00131,C2H3O,False,,new_candidate,42,False,False,unvalidated
100,M00132,C2H3O2,False,,new_candidate,15,False,False,unvalidated
101,M00133,C3H4O2,False,,new_candidate,127,False,False,unvalidated
102,M00134,C3H2O,False,,new_candidate,5,False,False,unvalidated
103,M00135,C4H4,False,,new_candidate,1,False,False,unvalidated
104,M00136,C2O,False,,new_candidate,159,False,False,unvalidated
105,M00137,C3H3O,False,,new_candidate,74,False,False,unvalidated
106,M00139,C2HO2,False,,new_candidate,158,False,False,unvalidated
107,M00140,C2O,False,,new_candidate,93,False,False,unvalidated
108,M00141,C3H4O3,False,,new_candidate,2,False,False,unvalidated
109,M00142,C2H3O,False,,new_candidate,45,False,False,unvalidated
110,M00143,C3HO,False,,new_candidate,13,False,False,unvalidated
111,M00144,C3H2O,False,,new_candidate,26,False,False,unvalidated
112,M00145,C2H3O,False,,new_candidate,60,False,False,unvalidated
113,M00146,C3HO,False,,new_candidate,75,False,False,unvalidated
114,M00147,C2H3O3,False,,new_candidate,42,False,False,unvalidated
115,M00148,C2H3O,False,,new_candidate,57,False,False,unvalidated
116,M00149,C3H4O2,False,,new_candidate,17,False,False,unvalidated
117,M00150,C2H4O2,False,,new_candidate,47,False,False,unvalidated
118,M00151,C2HO,False,,new_candidate,77,False,False,unvalidated
119,M00152,C2H6O2,False,,new_candidate,1,False,False,unvalidated
120,M00153,C2H3O2,False,,new_candidate,82,False,False,unvalidated
121,M00154,C2HO,False,,new_candidate,82,False,False,unvalidated
122,M00155,C3H3O,False,,new_candidate,94,False,False,unvalidated
123,M00156,C3H5O2,False,,new_candidate,5,False,False,unvalidated
124,M00157,C3H4O2,False,,new_candidate,7,False,False,unvalidated
125,M00158,C2,False,,new_candidate,42,False,False,unvalidated
126,M00159,C2H2O2,False,,new_candidate,12,False,False,unvalidated
127,M00160,C2H3O,False,,new_candidate,3,False,False,unvalidated
128,M00161,C2H5O,False,,new_candidate,44,False,False,unvalidated
129,M00162,C2O,False,,new_candidate,64,False,False,unvalidated
130,M00163,C3HO2,False,,new_candidate,8,False,False,unvalidated
131,M00164,C3H4O,False,,new_candidate,2,False,False,unvalidated
132,M00165,C3HO,False,,new_candidate,31,False,False,unvalidated
133,M00167,C3H3O3,False,,new_candidate,1,False,False,unvalidated
134,M00168,C2HO2,False,,new_candidate,3,False,False,unvalidated
135,M00170,C3HO,False,,new_candidate,73,False,False,unvalidated
136,M00171,C2H4O,False,,new_candidate,28,False,False,unvalidated
137,M00172,C3H3O2,False,,new_candidate,9,False,False,unvalidated
138,M00173,C2H3O2,False,,new_candidate,173,False,False,unvalidated
139,M00174,C2H5O,False,,new_candidate,53,False,False,unvalidated
140,M00175,C3H4O,False,,new_candidate,3,False,False,unvalidated
141,M00176,C2H4O2,False,,new_candidate,89,False,False,unvalidated
142,M00177,C3H3O2,False,,new_candidate,2,False,False,unvalidated
143,M00178,C3HO,False,,new_candidate,9,False,False,unvalidated
144,M00179,C2H3O2,False,,new_candidate,4,False,False,unvalidated
145,M00180,C2H2O2,False,,new_candidate,39,False,False,unvalidated
146,M00181,C3H2,False,,new_candidate,10,False,False,unvalidated
147,M00182,C3H2O2,False,,new_candidate,9,False,False,unvalidated
148,M00183,C2H2,False,,new_candidate,127,False,False,unvalidated
149,M00184,C3H3O2,False,,new_candidate,1,False,False,unvalidated
150,M00185,C2H2O2,False,,new_candidate,19,False,False,unvalidated
151,M00186,C4H2O,False,,new_candidate,4,False,False,unvalidated
152,M00187,C3H4O2,False,,new_candidate,13,False,False,unvalidated
153,M00188,C2H3O,False,,new_candidate,10,False,False,unvalidated
154,M00190,C3H2O,False,,new_candidate,10,False,False,unvalidated
155,M00191,C2H2O2,False,,new_candidate,66,False,False,unvalidated
156,M00192,C4H2O3,False,,new_candidate,3,False,False,unvalidated
157,M00193,C3H4O,False,,new_candidate,1,False,False,unvalidated
158,M00194,C2H2O2,False,,new_candidate,32,False,False,unvalidated
159,M00195,C2H3O2,False,,new_candidate,46,False,False,unvalidated
160,M00196,CH2O3,False,,new_candidate,54,False,False,unvalidated
161,M00197,CHO2,False,,new_candidate,34,False,False,unvalidated
162,M00198,C3H3O,False,,new_candidate,3,False,False,unvalidated
163,M00199,C3H6O,False,,new_candidate,21,False,False,unvalidated
164,M00200,C2H4O,False,,new_candidate,146,False,False,unvalidated
165,M00201,C2HO,False,,new_candidate,21,False,False,unvalidated
166,M00202,C3H3O,False,,new_candidate,3,False,False,unvalidated
167,M00203,C3H4O,False,,new_candidate,102,False,False,unvalidated
168,M00204,C3H4O2,False,,new_candidate,11,False,False,unvalidated
169,M00205,C3H3O,False,,new_candidate,5,False,False,unvalidated
170,M00206,C4HO2,False,,new_candidate,1,False,False,unvalidated
171,M00208,C3H2O3,False,,new_candidate,40,False,False,unvalidated
172,M00209,C2H3O,False,,new_candidate,99,False,False,unvalidated
173,M00210,C3H4O2,False,,new_candidate,10,False,False,unvalidated
174,M00211,C3H4O,False,,new_candidate,1,False,False,unvalidated
175,M00212,C3H4O,False,,new_candidate,2,False,False,unvalidated
176,M00213,C3H4O,False,,new_candidate,36,False,False,unvalidated
177,M00215,C2O,False,,new_candidate,23,False,False,unvalidated
178,M00216,C3O,False,,new_candidate,14,False,False,unvalidated
179,M00217,C3HO,False,,new_candidate,11,False,False,unvalidated
180,M00218,C3H2O2,False,,new_candidate,2,False,False,unvalidated
181,M00219,C2HO2,False,,new_candidate,7,False,False,unvalidated
182,M00220,C2O,False,,new_candidate,7,False,False,unvalidated
183,M00221,C3H2O3,False,,new_candidate,4,False,False,unvalidated
184,M00222,C3H2O2,False,,new_candidate,3,False,False,unvalidated
185,M00223,C3H2O,False,,new_candidate,8,False,False,unvalidated
186,M00224,C3H4O2,False,,new_candidate,6,False,False,unvalidated
187,M00225,C2HO2,False,,new_candidate,19,False,False,unvalidated
188,M00226,C3H2O,False,,new_candidate,122,False,False,unvalidated
189,M00227,C3H4O3,False,,new_candidate,1,False,False,unvalidated
190,M00228,C3H3O2,False,,new_candidate,3,False,False,unvalidated
191,M00229,C3H4,False,,new_candidate,9,False,False,unvalidated
192,M00230,C2H3O3,False,,new_candidate,17,False,False,unvalidated
193,M00231,C2H4O,False,,new_candidate,66,False,False,unvalidated
194,M00232,C2H4O2,False,,new_candidate,25,False,False,unvalidated
195,M00233,C2H,False,,new_candidate,20,False,False,unvalidated
196,M00234,C3H,False,,new_candidate,1,False,False,unvalidated
197,M00236,C3H3O2,False,,new_candidate,10,False,False,unvalidated
198,M00237,C2H3O3,False,,new_candidate,16,False,False,unvalidated
199,M00238,C4H2O3,False,,new_candidate,1,False,False,unvalidated
200,M00239,C2O3,False,,new_candidate,1,False,False,unvalidated
201,M00240,C2HO3,False,,new_candidate,14,False,False,unvalidated
202,M00241,C3H3O2,False,,new_candidate,2,False,False,unvalidated
203,M00242,C3H3O2,False,,new_candidate,4,False,False,unvalidated
204,M00243,C4HO,False,,new_candidate,4,False,False,unvalidated
205,M00244,C2HO2,False,,new_candidate,19,False,False,unvalidated
206,M00245,C3H5O2,False,,new_candidate,9,False,False,unvalidated
207,M00246,C3H4O3,False,,new_candidate,7,False,False,unvalidated
208,M00247,C3H2O2,False,,new_candidate,10,False,False,unvalidated
209,M00248,C4H3O,False,,new_candidate,2,False,False,unvalidated
210,M00249,CH4O3,False,,new_candidate,1,False,False,unvalidated
211,M00250,C2H2O,False,,new_candidate,40,False,False,unvalidated
212,M00251,C2H3,False,,new_candidate,16,False,False,unvalidated
213,M00253,C3H4O,False,,new_candidate,2,False,False,unvalidated
214,M00254,CO2,False,,new_candidate,34,False,False,unvalidated
215,M00255,C3H3O,False,,new_candidate,15,False,False,unvalidated
216,M00256,CH2O2,False,,new_candidate,5,False,False,unvalidated
217,M00257,C4H2O,False,,new_candidate,7,False,False,unvalidated
218,M00258,C2H4O2,False,,new_candidate,22,False,False,unvalidated
219,M00259,C2H3O2,False,,new_candidate,20,False,False,unvalidated
220,M00260,C3H6O,False,,new_candidate,2,False,False,unvalidated
221,M00261,C3H2O2,False,,new_candidate,18,False,False,unvalidated
222,M00262,C3H5O2,False,,new_candidate,13,False,False,unvalidated
223,M00263,C2H3O,False,,new_candidate,12,False,False,unvalidated
224,M00264,C3H4,False,,new_candidate,7,False,False,unvalidated
225,M00265,C3H2O3,False,,new_candidate,8,False,False,unvalidated
226,M00266,C3H2O2,False,,new_candidate,21,False,False,unvalidated
227,M00267,C2O2,False,,new_candidate,8,False,False,unvalidated
228,M00268,C2H2O2,False,,new_candidate,24,False,False,unvalidated
229,M00269,C3H3O2,False,,new_candidate,4,False,False,unvalidated
230,M00271,C3H3,False,,new_candidate,11,False,False,unvalidated
231,M00272,C3H3,False,,new_candidate,25,False,False,unvalidated
232,M00273,C2H5O2,False,,new_candidate,52,False,False,unvalidated
233,M00274,C2H5O2,False,,new_candidate,3,False,False,unvalidated
234,M00275,C3H3O2,False,,new_candidate,12,False,False,unvalidated
235,M00276,C3H4O3,False,,new_candidate,9,False,False,unvalidated
236,M00277,C3H4,False,,new_candidate,1,False,False,unvalidated
237,M00278,C3H3O2,False,,new_candidate,5,False,False,unvalidated
238,M00279,C2H2O3,False,,new_candidate,20,False,False,unvalidated
239,M00280,C2H2O3,False,,new_candidate,11,False,False,unvalidated
240,M00281,C3H2O2,False,,new_candidate,2,False,False,unvalidated
241,M00282,C3H2O2,False,,new_candidate,1,False,False,unvalidated
242,M00283,C3HO3,False,,new_candidate,3,False,False,unvalidated
243,M00284,C2H3O2,False,,new_candidate,21,False,False,unvalidated
244,M00285,C3H2O,False,,new_candidate,1,False,False,unvalidated
245,M00286,C3H5O,False,,new_candidate,1,False,False,unvalidated
246,M00287,C4H3O,False,,new_candidate,1,False,False,unvalidated
247,M00288,C3HO,False,,new_candidate,3,False,False,unvalidated
248,M00289,C2H3O2,False,,new_candidate,16,False,False,unvalidated
249,M00290,C2H4O2,False,,new_candidate,13,False,False,unvalidated
250,M00291,C3H3O,False,,new_candidate,1,False,False,unvalidated
251,M00292,C3HO2,False,,new_candidate,3,False,False,unvalidated
252,M00293,C4H4O2,False,,new_candidate,1,False,False,unvalidated
253,M00294,C3H4O3,False,,new_candidate,13,False,False,unvalidated
254,M00295,C3H3O2,False,,new_candidate,3,False,False,unvalidated
255,M00296,C3H3O3,False,,new_candidate,6,False,False,unvalidated
256,M00297,C2H6O,False,,new_candidate,24,False,False,unvalidated
257,M00298,C3H2,False,,new_candidate,9,False,False,unvalidated
258,M00299,C3H2O,False,,new_candidate,2,False,False,unvalidated
259,M00300,C3H4O,False,,new_candidate,5,False,False,unvalidated
260,M00301,C4H4,False,,new_candidate,2,False,False,unvalidated
261,M00302,C3H4O2,False,,new_candidate,1,False,False,unvalidated
262,M00303,C3H3O3,False,,new_candidate,2,False,False,unvalidated
263,M00304,C2H4O,False,,new_candidate,23,False,False,unvalidated
264,M00305,C2H2O2,False,,new_candidate,15,False,False,unvalidated
265,M00306,C2O2,False,,new_candidate,1,False,False,unvalidated
266,M00307,C2H2O2,False,,new_candidate,10,False,False,unvalidated
267,M00308,C3H2O2,False,,new_candidate,4,False,False,unvalidated
268,M00309,C2H2O,False,,new_candidate,23,False,False,unvalidated
269,M00310,C2H2O3,False,,new_candidate,9,False,False,unvalidated
270,M00311,C3H3O2,False,,new_candidate,17,False,False,unvalidated
271,M00312,C2H3O2,False,,new_candidate,1,False,False,unvalidated
272,M00313,C3H2O3,False,,new_candidate,5,False,False,unvalidated
273,M00314,C3H5O,False,,new_candidate,1,False,False,unvalidated
274,M00315,C3H2O3,False,,new_candidate,4,False,False,unvalidated
275,M00316,C3H5O2,False,,new_candidate,2,False,False,unvalidated
276,M00317,C2O,False,,new_candidate,39,False,False,unvalidated
277,M00318,C3H3O,False,,new_candidate,1,False,False,unvalidated
278,M00319,C2O2,False,,new_candidate,1,False,False,unvalidated
279,M00320,C4H3,False,,new_candidate,1,False,False,unvalidated
280,M00321,C3H3O,False,,new_candidate,4,False,False,unvalidated
281,M00322,C3H2O2,False,,new_candidate,12,False,False,unvalidated
282,M00323,C4H3O3,False,,new_candidate,2,False,False,unvalidated
283,M00324,C3H3O,False,,new_candidate,1,False,False,unvalidated
284,M00325,C3H4O,False,,new_candidate,20,False,False,unvalidated
285,M00326,C3H4O3,False,,new_candidate,3,False,False,unvalidated
286,M00327,C4H3O2,False,,new_candidate,1,False,False,unvalidated
287,M00328,C3H3O,False,,new_candidate,3,False,False,unvalidated
288,M00329,C3H3O2,False,,new_candidate,2,False,False,unvalidated
289,M00331,C3H2O2,False,,new_candidate,7,False,False,unvalidated
290,M00332,C3H5O,False,,new_candidate,2,False,False,unvalidated
291,M00333,C3H3O2,False,,new_candidate,7,False,False,unvalidated
292,M00334,C3HO3,False,,new_candidate,5,False,False,unvalidated
293,M00335,C3H4O3,False,,new_candidate,1,False,False,unvalidated
294,M00336,C3H2O,False,,new_candidate,2,False,False,unvalidated
295,M00337,C3H3O,False,,new_candidate,1,False,False,unvalidated
296,M00338,C3H4O2,False,,new_candidate,1,False,False,unvalidated
297,M00339,C4H2O2,False,,new_candidate,5,False,False,unvalidated
298,M00340,C3H,False,,new_candidate,9,False,False,unvalidated
299,M00341,C3H3O2,False,,new_candidate,1,False,False,unvalidated
300,M00342,C3H4O2,False,,new_candidate,12,False,False,unvalidated
301,M00343,C3H2O,False,,new_candidate,4,False,False,unvalidated
302,M00344,C3HO,False,,new_candidate,1,False,False,unvalidated
303,M00345,C2H2O,False,,new_candidate,9,False,False,unvalidated
304,M00346,C3H3O,False,,new_candidate,1,False,False,unvalidated
305,M00347,C3H4O2,False,,new_candidate,6,False,False,unvalidated
306,M00348,C3HO2,False,,new_candidate,1,False,False,unvalidated
307,M00349,C3H3O3,False,,new_candidate,4,False,False,unvalidated
308,M00350,C2H2O,False,,new_candidate,4,False,False,unvalidated
309,M00351,C3H2O3,False,,new_candidate,4,False,False,unvalidated
310,M00352,C3H3O,False,,new_candidate,2,False,False,unvalidated
311,M00353,C3H5O2,False,,new_candidate,6,False,False,unvalidated
312,M00354,C3O,False,,new_candidate,2,False,False,unvalidated
313,M00355,C2HO4,False,,new_candidate,2,False,False,unvalidated
314,M00356,CHO3,False,,new_candidate,19,False,False,unvalidated
315,M00357,C4H3O2,False,,new_candidate,2,False,False,unvalidated
316,M00358,C3HO2,False,,new_candidate,2,False,False,unvalidated
317,M00359,C2H3O2,False,,new_candidate,4,False,False,unvalidated
318,M00360,C3H2O3,False,,new_candidate,4,False,False,unvalidated
319,M00361,C2HO,False,,new_candidate,22,False,False,unvalidated
320,M00362,C3H2O2,False,,new_candidate,5,False,False,unvalidated
321,M00363,C3H3O,False,,new_candidate,1,False,False,unvalidated
322,M00364,C3H2O,False,,new_candidate,4,False,False,unvalidated
323,M00365,C3H3O3,False,,new_candidate,1,False,False,unvalidated
324,M00366,C2H4O3,False,,new_candidate,3,False,False,unvalidated
325,M00367,C3H3O2,False,,new_candidate,3,False,False,unvalidated
326,M00368,C3H2O2,False,,new_candidate,3,False,False,unvalidated
327,M00369,C3HO2,False,,new_candidate,3,False,False,unvalidated
328,M00370,C5H3O2,False,,new_candidate,1,False,False,unvalidated
329,M00371,C3H2O2,False,,new_candidate,3,False,False,unvalidated
330,M00372,C3H4O2,False,,new_candidate,2,False,False,unvalidated
331,M00373,C2H2O3,False,,new_candidate,1,False,False,unvalidated
332,M00374,C2H2O3,False,,new_candidate,3,False,False,unvalidated
333,M00375,C3H3,False,,new_candidate,1,False,False,unvalidated
334,M00376,C3H4O,False,,new_candidate,2,False,False,unvalidated
335,M00377,C3H2O3,False,,new_candidate,1,False,False,unvalidated
336,M00378,C2HO,False,,new_candidate,8,False,False,unvalidated
337,M00379,C3H2,False,,new_candidate,3,False,False,unvalidated
338,M00380,C3H3O,False,,new_candidate,1,False,False,unvalidated
339,M00381,C3H3O,False,,new_candidate,4,False,False,unvalidated
340,M00383,C3H,False,,new_candidate,1,False,False,unvalidated
341,M00384,C2H2O2,False,,new_candidate,5,False,False,unvalidated
342,M00385,C4H4O,False,,new_candidate,1,False,False,unvalidated
343,M00386,C2H2O2,False,,new_candidate,1,False,False,unvalidated
344,M00387,C3H3O,False,,new_candidate,2,False,False,unvalidated
345,M00388,C3H2O2,False,,new_candidate,2,False,False,unvalidated
346,M00389,C3H4O,False,,new_candidate,5,False,False,unvalidated
347,M00391,C3H5O2,False,,new_candidate,3,False,False,unvalidated
348,M00392,C3H2O2,False,,new_candidate,1,False,False,unvalidated
349,M00393,C3HO2,False,,new_candidate,2,False,False,unvalidated
350,M00394,C3H3,False,,new_candidate,34,False,False,unvalidated
351,M00395,C3H2O2,False,,new_candidate,1,False,False,unvalidated
352,M00396,C3H3O2,False,,new_candidate,10,False,False,unvalidated
353,M00397,C3HO2,False,,new_candidate,3,False,False,unvalidated
354,M00398,C3H4O,False,,new_candidate,20,False,False,unvalidated
355,M00399,C3H2O,False,,new_candidate,5,False,False,unvalidated
356,M00400,C3H3O,False,,new_candidate,3,False,False,unvalidated
357,M00401,C2H3O,False,,new_candidate,1,False,False,unvalidated
358,M00402,C2HO2,False,,new_candidate,2,False,False,unvalidated
359,M00403,C2HO2,False,,new_candidate,3,False,False,unvalidated
360,M00404,CH4O2,False,,new_candidate,6,False,False,unvalidated
361,M00405,C3HO2,False,,new_candidate,2,False,False,unvalidated
362,M00406,C3H5O,False,,new_candidate,1,False,False,unvalidated
363,M00407,C3HO,False,,new_candidate,2,False,False,unvalidated
364,M00408,C3H2O2,False,,new_candidate,3,False,False,unvalidated
365,M00409,C3H3O,False,,new_candidate,5,False,False,unvalidated
366,M00410,C3HO2,False,,new_candidate,2,False,False,unvalidated
367,M00411,C3H3O2,False,,new_candidate,2,False,False,unvalidated
368,M00412,C3HO,False,,new_candidate,2,False,False,unvalidated
369,M00413,C2HO,False,,new_candidate,4,False,False,unvalidated
370,M00414,C3H5O2,False,,new_candidate,3,False,False,unvalidated
371,M00415,C2O3,False,,new_candidate,2,False,False,unvalidated
372,M00416,C2HO2,False,,new_candidate,2,False,False,unvalidated
373,M00417,C2H4O2,False,,new_candidate,1,False,False,unvalidated
374,M00418,C3H5O2,False,,new_candidate,3,False,False,unvalidated
375,M00419,C2H2O4,False,,new_candidate,5,False,False,unvalidated
376,M00420,C2H2O,False,,new_candidate,3,False,False,unvalidated
377,M00421,C3H4O3,False,,new_candidate,1,False,False,unvalidated
378,M00422,C4H3O3,False,,new_candidate,1,False,False,unvalidated
379,M00423,CH2O2,False,,new_candidate,2,False,False,unvalidated
380,M00424,C3H2,False,,new_candidate,2,False,False,unvalidated
381,M00425,C4H2O,False,,new_candidate,1,False,False,unvalidated
382,M00426,C3O,False,,new_candidate,2,False,False,unvalidated
383,M00427,C2H2O2,False,,new_candidate,25,False,False,unvalidated
384,M00428,C3H2O2,False,,new_candidate,6,False,False,unvalidated
385,M00429,C3H4O,False,,new_candidate,3,False,False,unvalidated
386,M00430,C3H3O3,False,,new_candidate,1,False,False,unvalidated
387,M00431,C4H4O2,False,,new_candidate,1,False,False,unvalidated
388,M00432,C3H4O3,False,,new_candidate,1,False,False,unvalidated
389,M00433,C3H2O,False,,new_candidate,7,False,False,unvalidated
390,M00434,C3HO2,False,,new_candidate,3,False,False,unvalidated
391,M00435,C2HO2,False,,new_candidate,1,False,False,unvalidated
392,M00436,C3H4O2,False,,new_candidate,3,False,False,unvalidated
393,M00437,C3HO3,False,,new_candidate,1,False,False,unvalidated
394,M00438,C3H5O2,False,,new_candidate,1,False,False,unvalidated
395,M00439,C2H3O3,False,,new_candidate,2,False,False,unvalidated
396,M00440,C3H2O2,False,,new_candidate,3,False,False,unvalidated
397,M00441,C4H4O,False,,new_candidate,2,False,False,unvalidated
398,M00442,C3H3O,False,,new_candidate,1,False,False,unvalidated
399,M00443,C3H3O2,False,,new_candidate,5,False,False,unvalidated
400,M00444,C3H3O,False,,new_candidate,11,False,False,unvalidated
401,M00445,C3H3O,False,,new_candidate,2,False,False,unvalidated
402,M00446,C3HO2,False,,new_candidate,2,False,False,unvalidated
403,M00447,C2H4O2,False,,new_candidate,2,False,False,unvalidated
404,M00448,C3H3O2,False,,new_candidate,3,False,False,unvalidated
405,M00449,C4H5O,False,,new_candidate,1,False,False,unvalidated
406,M00450,C3H2O,False,,new_candidate,1,False,False,unvalidated
407,M00451,C2H3O3,False,,new_candidate,2,False,False,unvalidated
408,M00452,C3H3O,False,,new_candidate,11,False,False,unvalidated
409,M00453,C4H4O2,False,,new_candidate,1,False,False,unvalidated
410,M00454,C2H4O3,False,,new_candidate,8,False,False,unvalidated
411,M00455,C3H5O2,False,,new_candidate,1,False,False,unvalidated
412,M00456,C3H3O2,False,,new_candidate,2,False,False,unvalidated
413,M00457,C3H4O2,False,,new_candidate,4,False,False,unvalidated
414,M00458,C2H4O3,False,,new_candidate,1,False,False,unvalidated
415,M00459,C3H2O4,False,,new_candidate,1,False,False,unvalidated
416,M00460,C3H5O2,False,,new_candidate,5,False,False,unvalidated
417,M00461,C3H2O3,False,,new_candidate,4,False,False,unvalidated
418,M00462,C3H2O2,False,,new_candidate,1,False,False,unvalidated
419,M00463,C3H3O3,False,,new_candidate,3,False,False,unvalidated
420,M00464,C3H3O2,False,,new_candidate,1,False,False,unvalidated
421,M00465,C3H3O2,False,,new_candidate,4,False,False,unvalidated
422,M00466,C3H2O2,False,,new_candidate,1,False,False,unvalidated
423,M00467,C2HO3,False,,new_candidate,3,False,False,unvalidated
424,M00468,C3H3O2,False,,new_candidate,4,False,False,unvalidated
425,M00469,C3,False,,new_candidate,2,False,False,unvalidated
426,M00470,C2H4O2,False,,new_candidate,1,False,False,unvalidated
427,M00471,C3H3O2,False,,new_candidate,1,False,False,unvalidated
428,M00472,CH3O2,False,,new_candidate,1,False,False,unvalidated
429,M00473,C3H2O,False,,new_candidate,3,False,False,unvalidated
430,M00474,C3H2O,False,,new_candidate,2,False,False,unvalidated
431,M00475,C3H4O2,False,,new_candidate,3,False,False,unvalidated
432,M00476,C3H2O2,False,,new_candidate,4,False,False,unvalidated
433,M00477,C3H5O2,False,,new_candidate,2,False,False,unvalidated
434,M00478,C4H3O,False,,new_candidate,1,False,False,unvalidated
435,M00479,C2HO2,False,,new_candidate,8,False,False,unvalidated
436,M00480,C3H2O2,False,,new_candidate,2,False,False,unvalidated
437,M00481,C2H4O3,False,,new_candidate,1,False,False,unvalidated
438,M00482,C3HO,False,,new_candidate,4,False,False,unvalidated
439,M00483,C3H2O,False,,new_candidate,1,False,False,unvalidated
440,M00484,C3HO,False,,new_candidate,4,False,False,unvalidated
441,M00485,C3H5O2,False,,new_candidate,1,False,False,unvalidated
442,M00486,C3H3O3,False,,new_candidate,1,False,False,unvalidated
443,M00487,CO2,False,,new_candidate,1,False,False,unvalidated
444,M00488,C3H4O,False,,new_candidate,2,False,False,unvalidated
445,M00489,C3H3O3,False,,new_candidate,1,False,False,unvalidated
446,M00490,C4H3O,False,,new_candidate,1,False,False,unvalidated
447,M00491,C3O,False,,new_candidate,2,False,False,unvalidated
448,M00492,CH3O3,False,,new_candidate,1,False,False,unvalidated
449,M00493,C3H3O2,False,,new_candidate,5,False,False,unvalidated
450,M00494,C3H4O,False,,new_candidate,1,False,False,unvalidated
451,M00495,C3H3O2,False,,new_candidate,1,False,False,unvalidated
452,M00496,C3HO2,False,,new_candidate,1,False,False,unvalidated
453,M00497,C4H2O,False,,new_candidate,1,False,False,unvalidated
454,M00498,C2H4O2,False,,new_candidate,8,False,False,unvalidated
455,M00499,C4H4O,False,,new_candidate,1,False,False,unvalidated
456,M00500,C3O,False,,new_candidate,2,False,False,unvalidated
457,M00501,C3HO2,False,,new_candidate,8,False,False,unvalidated
458,M00502,C3H4O2,False,,new_candidate,3,False,False,unvalidated
459,M00503,C4H4O2,False,,new_candidate,1,False,False,unvalidated
460,M00504,C3H2O,False,,new_candidate,3,False,False,unvalidated
461,M00505,C3H4O2,False,,new_candidate,1,False,False,unvalidated
462,M00506,C3H3O,False,,new_candidate,2,False,False,unvalidated
463,M00507,C3H2O,False,,new_candidate,1,False,False,unvalidated
464,M00508,C2H2O2,False,,new_candidate,1,False,False,unvalidated
465,M00509,C2H3O2,False,,new_candidate,7,False,False,unvalidated
466,M00510,C3H3O2,False,,new_candidate,2,False,False,unvalidated
467,M00511,C3H5O2,False,,new_candidate,4,False,False,unvalidated
468,M00512,C2H3O3,False,,new_candidate,1,False,False,unvalidated
469,M00513,C2HO3,False,,new_candidate,2,False,False,unvalidated
470,M00514,C3H4O2,False,,new_candidate,1,False,False,unvalidated
471,M00515,C3HO,False,,new_candidate,1,False,False,unvalidated
472,M00516,C3H4O2,False,,new_candidate,1,False,False,unvalidated
473,M00517,C4H2O2,False,,new_candidate,1,False,False,unvalidated
474,M00518,C4H4O,False,,new_candidate,1,False,False,unvalidated
475,M00519,C3H4O2,False,,new_candidate,7,False,False,unvalidated
476,M00520,C2H2O,False,,new_candidate,4,False,False,unvalidated
477,M00521,C3H4O,False,,new_candidate,1,False,False,unvalidated
478,M00522,C3H3O2,False,,new_candidate,3,False,False,unvalidated
479,M00523,C3H,False,,new_candidate,2,False,False,unvalidated
480,M00524,C3H2O2,False,,new_candidate,4,False,False,unvalidated
481,M00525,C2HO2,False,,new_candidate,2,False,False,unvalidated
482,M00526,C3H5O,False,,new_candidate,3,False,False,unvalidated
483,M00527,C3H2O2,False,,new_candidate,2,False,False,unvalidated
484,M00528,C3H5O,False,,new_candidate,2,False,False,unvalidated
485,M00529,C3H2O,False,,new_candidate,1,False,False,unvalidated
486,M00530,C3H4O3,False,,new_candidate,3,False,False,unvalidated
487,M00531,C3H5O2,False,,new_candidate,1,False,False,unvalidated
488,M00532,C4H4O,False,,new_candidate,2,False,False,unvalidated
489,M00533,C4H5O,False,,new_candidate,1,False,False,unvalidated
490,M00534,C3H2O2,False,,new_candidate,2,False,False,unvalidated
491,M00535,C3H4O2,False,,new_candidate,2,False,False,unvalidated
492,M00536,C3H4O3,False,,new_candidate,2,False,False,unvalidated
493,M00538,C4H4O2,False,,new_candidate,1,False,False,unvalidated
494,M00539,C3H2O,False,,new_candidate,3,False,False,unvalidated
495,M00540,C3H4O3,False,,new_candidate,5,False,False,unvalidated
496,M00541,C4HO,False,,new_candidate,1,False,False,unvalidated
497,M00542,C3H3O3,False,,new_candidate,3,False,False,unvalidated
498,M00543,C3H2O2,False,,new_candidate,10,False,False,unvalidated
499,M00544,C3H4O2,False,,new_candidate,1,False,False,unvalidated
500,M00545,C2O2,False,,new_candidate,3,False,False,unvalidated
501,M00546,C3HO,False,,new_candidate,1,False,False,unvalidated
502,M00547,C4H2O2,False,,new_candidate,1,False,False,unvalidated
503,M00548,C2HO2,False,,new_candidate,1,False,False,unvalidated
504,M00549,C3H5O2,False,,new_candidate,1,False,False,unvalidated
505,M00550,C4H3O2,False,,new_candidate,1,False,False,unvalidated
506,M00551,C3H3O2,False,,new_candidate,4,False,False,unvalidated
507,M00552,C2HO2,False,,new_candidate,1,False,False,unvalidated
508,M00553,C3H4O2,False,,new_candidate,4,False,False,unvalidated
509,M00554,C3H3O2,False,,new_candidate,1,False,False,unvalidated
510,M00555,C2H4O2,False,,new_candidate,2,False,False,unvalidated
511,M00556,C3H4O2,False,,new_candidate,1,False,False,unvalidated
512,M00557,C3H6O,False,,new_candidate,3,False,False,unvalidated
513,M00558,C3HO2,False,,new_candidate,2,False,False,unvalidated
514,M00560,C3HO3,False,,new_candidate,2,False,False,unvalidated
515,M00561,C3H5,False,,new_candidate,2,False,False,unvalidated
516,M00562,C4H4O2,False,,new_candidate,1,False,False,unvalidated
517,M00563,C4H4O2,False,,new_candidate,1,False,False,unvalidated
518,M00564,C3H3O,False,,new_candidate,3,False,False,unvalidated
519,M00565,C3H5O2,False,,new_candidate,3,False,False,unvalidated
520,M00566,C3H2O,False,,new_candidate,1,False,False,unvalidated
521,M00567,C3HO,False,,new_candidate,1,False,False,unvalidated
522,M00568,C3H4O2,False,,new_candidate,1,False,False,unvalidated
523,M00569,C3HO,False,,new_candidate,2,False,False,unvalidated
524,M00570,C3HO,False,,new_candidate,1,False,False,unvalidated
525,M00571,C3H3O2,False,,new_candidate,1,False,False,unvalidated
526,M00572,C3H5O2,False,,new_candidate,3,False,False,unvalidated
527,M00573,C3O,False,,new_candidate,2,False,False,unvalidated
528,M00574,C3H2O2,False,,new_candidate,1,False,False,unvalidated
529,M00575,C4H3O2,False,,new_candidate,1,False,False,unvalidated
530,M00576,C3H3O,False,,new_candidate,2,False,False,unvalidated
531,M00577,C3H2O,False,,new_candidate,1,False,False,unvalidated
532,M00578,C3HO4,False,,new_candidate,1,False,False,unvalidated
533,M00579,C3HO,False,,new_candidate,2,False,False,unvalidated
534,M00580,C2H6O2,False,,new_candidate,1,False,False,unvalidated
535,M00581,C3H4O2,False,,new_candidate,1,False,False,unvalidated
536,M00582,C3H3O2,False,,new_candidate,1,False,False,unvalidated
537,M00583,C4H4O2,False,,new_candidate,3,False,False,unvalidated
538,M00584,C3H3O3,False,,new_candidate,1,False,False,unvalidated
539,M00585,C3H3O2,False,,new_candidate,2,False,False,unvalidated
540,M00587,C3H4O3,False,,new_candidate,1,False,False,unvalidated
541,M00588,C3HO3,False,,new_candidate,4,False,False,unvalidated
542,M00589,C3H4O,False,,new_candidate,1,False,False,unvalidated
543,M00590,CH3O2,False,,new_candidate,5,False,False,unvalidated
544,M00591,C3H5O2,False,,new_candidate,2,False,False,unvalidated
545,M00592,C2H4O2,False,,new_candidate,3,False,False,unvalidated
546,M00593,C4H4O2,False,,new_candidate,1,False,False,unvalidated
547,M00594,C3H3O,False,,new_candidate,1,False,False,unvalidated
548,M00595,C4H3O,False,,new_candidate,1,False,False,unvalidated
549,M00596,C3H2O2,False,,new_candidate,1,False,False,unvalidated
550,M00597,C2H3O2,False,,new_candidate,1,False,False,unvalidated
551,M00598,C3H2O2,False,,new_candidate,1,False,False,unvalidated
552,M00599,C3H3O3,False,,new_candidate,2,False,False,unvalidated
553,M00600,C3O2,False,,new_candidate,2,False,False,unvalidated
554,M00601,C3H2O3,False,,new_candidate,1,False,False,unvalidated
555,M00602,C3H2,False,,new_candidate,1,False,False,unvalidated
556,M00603,C3H4O3,False,,new_candidate,1,False,False,unvalidated
557,M00604,C3H3O,False,,new_candidate,1,False,False,unvalidated
558,M00605,C3H3O,False,,new_candidate,1,False,False,unvalidated
559,M00606,C4H3O2,False,,new_candidate,1,False,False,unvalidated
560,M00607,C3H2O2,False,,new_candidate,1,False,False,unvalidated
561,M00608,C3H5O,False,,new_candidate,2,False,False,unvalidated
562,M00609,C2HO3,False,,new_candidate,3,False,False,unvalidated
563,M00610,C2HO3,False,,new_candidate,1,False,False,unvalidated
564,M00611,C4HO,False,,new_candidate,1,False,False,unvalidated
565,M00612,C2H5O2,False,,new_candidate,1,False,False,unvalidated
566,M00613,C3HO3,False,,new_candidate,1,False,False,unvalidated
567,M00614,C3H3O2,False,,new_candidate,1,False,False,unvalidated
568,M00615,C4H5,False,,new_candidate,1,False,False,unvalidated
569,M00616,C3H3O2,False,,new_candidate,1,False,False,unvalidated
570,M00617,C3H3O2,False,,new_candidate,3,False,False,unvalidated
571,M00618,C4H4O,False,,new_candidate,1,False,False,unvalidated
572,M00619,C4H3O2,False,,new_candidate,1,False,False,unvalidated
573,M00620,C3H5O,False,,new_candidate,1,False,False,unvalidated
574,M00621,C4H5O,False,,new_candidate,2,False,False,unvalidated
575,M00622,C4HO,False,,new_candidate,1,False,False,unvalidated
576,M00623,CH2O2,False,,new_candidate,2,False,False,unvalidated
577,M00624,C3H5O,False,,new_candidate,1,False,False,unvalidated
578,M00625,C3H2O2,False,,new_candidate,1,False,False,unvalidated
579,M00626,C3H3O3,False,,new_candidate,1,False,False,unvalidated
580,M00627,C3H3O3,False,,new_candidate,1,False,False,unvalidated
581,M00628,C3HO2,False,,new_candidate,1,False,False,unvalidated
582,M00629,C3HO2,False,,new_candidate,1,False,False,unvalidated
583,M00631,C3H3O2,False,,new_candidate,1,False,False,unvalidated
584,M00632,C3H5O,False,,new_candidate,2,False,False,unvalidated
585,M00633,C3H2O,False,,new_candidate,1,False,False,unvalidated
586,M00634,C4H3O2,False,,new_candidate,1,False,False,unvalidated
587,M00635,O2,False,,new_candidate,1,False,False,unvalidated
588,M00636,C3H5O2,False,,new_candidate,1,False,False,unvalidated
589,M00637,C3H2O3,False,,new_candidate,1,False,False,unvalidated
590,M00638,C3H2O,False,,new_candidate,1,False,False,unvalidated
591,M00639,C4H4O2,False,,new_candidate,1,False,False,unvalidated
592,M00640,C3HO2,False,,new_candidate,1,False,False,unvalidated
593,M00641,C3H2O3,False,,new_candidate,1,False,False,unvalidated
594,M00642,C2H2O2,False,,new_candidate,1,False,False,unvalidated
595,M00643,CH3O3,False,,new_candidate,1,False,False,unvalidated
596,M00644,C2HO2,False,,new_candidate,1,False,False,unvalidated
597,M00645,C3H4O2,False,,new_candidate,1,False,False,unvalidated
598,M00646,C4H3O,False,,new_candidate,1,False,False,unvalidated
599,M00647,C3H3O,False,,new_candidate,1,False,False,unvalidated
600,M00648,C4H3O,False,,new_candidate,1,False,False,unvalidated
601,M00649,C3H5O,False,,new_candidate,2,False,False,unvalidated
602,M00650,C4H3O,False,,new_candidate,1,False,False,unvalidated
603,M00651,C4H4,False,,new_candidate,1,False,False,unvalidated
604,M00652,C2H3O2,False,,new_candidate,1,False,False,unvalidated
605,M00653,C3HO,False,,new_candidate,2,False,False,unvalidated
606,M00654,C3H5O2,False,,new_candidate,1,False,False,unvalidated
607,M00655,C3O2,False,,new_candidate,1,False,False,unvalidated
608,M00656,C3H2O2,False,,new_candidate,2,False,False,unvalidated
609,M00657,C3H4O2,False,,new_candidate,1,False,False,unvalidated
610,M00658,C3H2O3,False,,new_candidate,1,False,False,unvalidated
611,M00659,C3H5O,False,,new_candidate,1,False,False,unvalidated
612,M00660,C3H4O,False,,new_candidate,1,False,False,unvalidated
613,M00661,C2H4O2,False,,new_candidate,1,False,False,unvalidated
614,M00662,C4H3O3,False,,new_candidate,1,False,False,unvalidated
615,M00663,C3H3O2,False,,new_candidate,3,False,False,unvalidated
616,M00664,C3H3O,False,,new_candidate,1,False,False,unvalidated
617,M00665,C3H2O2,False,,new_candidate,1,False,False,unvalidated
618,M00666,C3H4O,False,,new_candidate,1,False,False,unvalidated
619,M00667,C4H3O3,False,,new_candidate,1,False,False,unvalidated
620,M00668,C2H3O2,False,,new_candidate,1,False,False,unvalidated
621,M00669,C3H4O3,False,,new_candidate,2,False,False,unvalidated
622,M00670,C3H2O3,False,,new_candidate,1,False,False,unvalidated
623,M00671,C2H2O2,False,,new_candidate,1,False,False,unvalidated
624,M00672,C4O2,False,,new_candidate,1,False,False,unvalidated
625,M00673,C3H3O2,False,,new_candidate,1,False,False,unvalidated
626,M00674,C3H3O2,False,,new_candidate,1,False,False,unvalidated
627,M00675,C2HO2,False,,new_candidate,1,False,False,unvalidated
628,M00676,C3HO2,False,,new_candidate,2,False,False,unvalidated
629,M00677,C3H5O2,False,,new_candidate,1,False,False,unvalidated
630,M00678,C3H3O2,False,,new_candidate,1,False,False,unvalidated
631,M00679,C3H3O2,False,,new_candidate,1,False,False,unvalidated
632,M00680,CO3,False,,new_candidate,2,False,False,unvalidated
633,M00681,C3HO,False,,new_candidate,1,False,False,unvalidated
634,M00682,C3H3O2,False,,new_candidate,1,False,False,unvalidated
635,M00683,C3H2O,False,,new_candidate,1,False,False,unvalidated
636,M00684,CHO2,False,,new_candidate,1,False,False,unvalidated
637,M00685,C4H2O2,False,,new_candidate,1,False,False,unvalidated
638,M00686,C3H3O3,False,,new_candidate,1,False,False,unvalidated
639,M00687,C3H4O2,False,,new_candidate,1,False,False,unvalidated
640,M00688,C3H2O2,False,,new_candidate,1,False,False,unvalidated
641,M00689,C3H4O3,False,,new_candidate,1,False,False,unvalidated
642,M00690,C3H2O,False,,new_candidate,1,False,False,unvalidated
643,M00691,C2H3O2,False,,new_candidate,1,False,False,unvalidated
644,M00692,C2H2O3,False,,new_candidate,1,False,False,unvalidated
645,M00693,C3O3,False,,new_candidate,1,False,False,unvalidated
646,M00694,C3H3O2,False,,new_candidate,1,False,False,unvalidated
647,M00695,C3O,False,,new_candidate,1,False,False,unvalidated
648,M00696,C3HO,False,,new_candidate,1,False,False,unvalidated
649,M00697,C4H4O2,False,,new_candidate,1,False,False,unvalidated
650,M00698,C4HO2,False,,new_candidate,1,False,False,unvalidated
651,M00699,C2H3O2,False,,new_candidate,1,False,False,unvalidated
652,M00700,C2H4O3,False,,new_candidate,1,False,False,unvalidated
653,M00701,C2H2O3,False,,new_candidate,1,False,False,unvalidated
654,M00702,C3H3O2,False,,new_candidate,1,False,False,unvalidated
655,M00703,C3H4O2,False,,new_candidate,1,False,False,unvalidated
656,M00704,C3H5O,False,,new_candidate,1,False,False,unvalidated
657,M00705,C3H3O,False,,new_candidate,1,False,False,unvalidated
658,M00706,C4H3O,False,,new_candidate,1,False,False,unvalidated
659,M00707,C2H4O,False,,new_candidate,1,False,False,unvalidated
660,M00002,C2H2O,True,CH2CO,reference_match,7464,False,True,training
661,M00003,CH3O,True,CH2OH,reference_match,2277,False,True,training
662,M00004,C2H2,True,C2H2,reference_match,2766,False,True,training
663,M00005,C2H4O,True,CH3CHO; C2H4O,reference_match,6443,False,True,training
664,M00006,CHO,True,HCO,reference_match,4074,False,True,training
665,M00007,C2H5,True,C2H5,reference_match,297,False,True,training
666,M00008,C2HO,True,HCCO,reference_match,2243,False,True,training
667,M00009,C3H4,True,PC3H4,reference_match,46,False,True,training
668,M00013,C,True,C,reference_match,3495,False,True,training
669,M00016,C2H5O,True,C2H4OH,reference_match,85,False,True,training
670,M00018,C2H3,True,C2H3,reference_match,1430,False,True,training
671,M00019,H,True,H,reference_match,2113,False,True,training
672,M00020,CH,True,CH; CH*,reference_match,3174,False,True,training
673,M00021,CH2O,True,CH2O,reference_match,6743,False,True,training
674,M00022,CH3,True,CH3,reference_match,329,False,True,training
675,M00024,C2H4O,True,C2H3OH,reference_match,829,False,True,training
676,M00025,CO2,True,CO2,reference_match,1530,False,True,training
677,M00027,O2,True,O2,reference_match,443,False,True,training
678,M00028,CH2,True,CH2; CH2(S),reference_match,1320,False,True,training
679,M00031,C2H,True,C2H,reference_match,1279,False,True,training
680,M00032,O,True,O,reference_match,824,False,True,training
681,M00033,HO,True,OH; OH*,reference_match,910,False,True,training
682,M00035,H2O2,True,H2O2,reference_match,518,False,True,training
683,M00036,C2H3O,True,C2H2OH,reference_match,92,False,True,training
684,M00037,C2H3O,True,CH3CO,reference_match,3682,False,True,training
685,M00047,C2H4,True,C2H4,reference_match,670,False,True,training
686,M00053,C2H3O,True,CH2CHO,reference_match,2239,False,True,training
687,M00056,CH3O2,True,CH3O2,reference_match,403,False,True,training
688,M00068,CH4O,True,CH3OH,reference_match,2189,False,True,training
689,M00073,H2,True,H2,reference_match,756,False,True,training
690,M00079,H2O,True,H2O,reference_match,810,False,True,training
691,M00088,C2H5O2,True,C2H5O2,reference_match,13,False,True,training
692,M00091,CH4O2,True,CH3OOH,reference_match,164,False,True,training
693,M00096,CH3O,True,CH3O,reference_match,534,False,True,training
694,M00099,C3H4O,True,C2H3CHO,reference_match,185,False,True,training
695,M00103,C3H3,True,C3H3,reference_match,70,False,True,training
696,M00138,CH4,True,CH4,reference_match,35,False,True,training
697,M00169,C3H4,True,AC3H4,reference_match,50,False,True,training
698,M00189,HO2,True,HO2,reference_match,116,False,True,training
699,M00207,C3H6,True,C3H6,reference_match,3,False,True,training
700,M00214,C2H6O,True,C2H5OH,reference_match,31,False,True,training
701,M00235,C2H6,True,C2H6,reference_match,33,False,True,training
702,M00252,C2H2,True,H2CC,reference_match,11,False,True,training
703,M00270,C3H5,True,C3H5,reference_match,15,False,True,training
704,M00382,C3H6O,True,CH3COCH3,reference_match,1,False,True,training
705,M00390,C4H2O,True,H2C4O,reference_match,2,False,True,training
706,M00537,C3H6O,True,C2H5CHO,reference_match,3,False,True,training
707,M00559,C3H6O,True,C3H5OH,reference_match,2,False,True,training
