source,degeneracy_id,formula,is_ring,used_in_objective,log_P_exist,P_exist,individual_loss,C#C,C-C,C-O,C=C,C=O
positive,C10H19O_001,C10H19O,False,True,-0.42925157204736,0.6509961361482278,0.12180369698346633,0,9,0,0,1
positive,C10H19_001,C10H19,False,True,-0.38918774093109143,0.6776070434942725,0.10393721840450391,0,8,0,1,0
positive,C10H20O3_001,C10H20O3,False,True,-0.47341467251716096,0.6228717298297544,0.14222573216160178,0,9,1,0,1
positive,C10H20O_001,C10H20O,False,True,-0.42925157204736,0.6509961361482278,0.12180369698346633,0,9,0,0,1
positive,C10H20O_002,C10H20O,True,True,-0.5017387048790586,0.6054769981639734,0.15564839897770946,0,9,2,0,0
positive,C10H20_001,C10H20,False,True,-0.38918774093109143,0.6776070434942725,0.10393721840450391,0,8,0,1,0
positive,C10H21O2_001,C10H21O2,False,True,-0.45757560440925765,0.6328159835398349,0.13482410194381877,0,9,1,0,0
positive,C10H21O2_002,C10H21O2,False,True,-0.45757560440925765,0.6328159835398349,0.13482410194381877,0,9,1,0,0
positive,C10H21O4_001,C10H21O4,False,True,-0.5017387048790586,0.6054769981639734,0.15564839897770946,0,9,2,0,0
positive,C10H21O_001,C10H21O,False,True,-0.45757560440925765,0.6328159835398349,0.13482410194381877,0,9,1,0,0
positive,C10H21_001,C10H21,False,True,-0.41341250393945667,0.6613894008159139,0.1146571378798058,0,9,0,0,0
positive,C10H22O2_001,C10H22O2,False,True,-0.45757560440925765,0.6328159835398349,0.13482410194381877,0,9,1,0,0
positive,C10H22_001,C10H22,False,True,-0.41341250393945667,0.6613894008159139,0.1146571378798058,0,9,0,0,0
positive,C11H21O_001,C11H21O,False,True,-0.47518629470729956,0.6217692133612656,0.14305852796135585,0,10,0,0,1
positive,C11H21_001,C11H21,False,True,-0.4351224635910311,0.6471854055759798,0.12447813803858586,0,9,0,1,0
positive,C11H22O3_001,C11H22O3,False,True,-0.5193493951771005,0.59490747175961,0.16409995643619116,0,10,1,0,1
positive,C11H22O_001,C11H22O,False,True,-0.47518629470729956,0.6217692133612656,0.14305852796135585,0,10,0,0,1
positive,C11H22O_002,C11H22O,True,True,-0.5476734275389983,0.5782936886295665,0.17783621304965697,0,10,2,0,0
positive,C11H22_001,C11H22,False,True,-0.4351224635910311,0.6471854055759798,0.12447813803858586,0,9,0,1,0
positive,C11H23O2_001,C11H23O2,False,True,-0.5035103270691973,0.6044052713062632,0.15649518937027124,0,10,1,0,0
positive,C11H23O2_002,C11H23O2,False,True,-0.5035103270691973,0.6044052713062632,0.15649518937027124,0,10,1,0,0
positive,C11H23O4_001,C11H23O4,False,True,-0.5476734275389983,0.5782936886295665,0.17783621304965697,0,10,2,0,0
positive,C11H23O_001,C11H23O,False,True,-0.5035103270691973,0.6044052713062632,0.15649518937027124,0,10,1,0,0
positive,C11H23_001,C11H23,False,True,-0.4593472265993963,0.6316958652073391,0.1356479357053705,0,10,0,0,0
positive,C11H24O2_001,C11H24O2,False,True,-0.5035103270691973,0.6044052713062632,0.15649518937027124,0,10,1,0,0
positive,C11H24_001,C11H24,False,True,-0.4593472265993963,0.6316958652073391,0.1356479357053705,0,10,0,0,0
positive,C12H23O_001,C12H23O,False,True,-0.5211210173672391,0.5938544535322114,0.1649542049156186,0,11,0,0,1
positive,C12H23_001,C12H23,False,True,-0.4810571862509707,0.6181295681795638,0.14582502669872643,0,10,0,1,0
positive,C12H24O3_001,C12H24O3,False,True,-0.5652841178370401,0.568198688439664,0.18645237266522632,0,11,1,0,1
positive,C12H24O_001,C12H24O,False,True,-0.5211210173672391,0.5938544535322114,0.1649542049156186,0,11,0,0,1
positive,C12H24O_002,C12H24O,True,True,-0.5936081501989379,0.5523307926195117,0.20040771923667466,0,11,2,0,0
positive,C12H24_001,C12H24,False,True,-0.4810571862509707,0.6181295681795638,0.14582502669872643,0,10,0,1,0
positive,C12H25O2_001,C12H25O2,False,True,-0.5494450497291369,0.577270077692028,0.17870058721450405,0,11,1,0,0
positive,C12H25O2_002,C12H25O2,False,True,-0.5494450497291369,0.577270077692028,0.17870058721450405,0,11,1,0,0
positive,C12H25O4_001,C12H25O4,False,True,-0.5936081501989379,0.5523307926195117,0.20040771923667466,0,11,2,0,0
positive,C12H25O_001,C12H25O,False,True,-0.5494450497291369,0.577270077692028,0.17870058721450405,0,11,1,0,0
positive,C12H25_001,C12H25,False,True,-0.5052819492593359,0.6033354414627435,0.15734277199955657,0,11,0,0,0
positive,C12H26O2_001,C12H26O2,False,True,-0.5494450497291369,0.577270077692028,0.17870058721450405,0,11,1,0,0
positive,C12H26_001,C12H26,False,True,-0.5052819492593359,0.6033354414627435,0.15734277199955657,0,11,0,0,0
positive,C13H25O_001,C13H25O,False,True,-0.5670557400271787,0.567192946195511,0.18732194582292186,0,12,0,0,1
positive,C13H25_001,C13H25,False,True,-0.5269919089109103,0.5903782127438552,0.16779000859491838,0,11,0,1,0
positive,C13H26O3_001,C13H26O3,False,True,-0.6112188404969797,0.5426890144607419,0.20913333749488752,0,12,1,0,1
positive,C13H26O_001,C13H26O,False,True,-0.5670557400271787,0.567192946195511,0.18732194582292186,0,12,0,0,1
positive,C13H26O_002,C13H26O,True,True,-0.6395428728588775,0.5275335188226722,0.22322457583608626,0,12,2,0,0
positive,C13H26_001,C13H26,False,True,-0.5269919089109103,0.5903782127438552,0.16779000859491838,0,11,0,1,0
positive,C13H27O2_001,C13H27O2,False,True,-0.5953797723890765,0.551353137404556,0.20128400731673515,0,12,1,0,0
positive,C13H27O2_002,C13H27O2,False,True,-0.5953797723890765,0.551353137404556,0.20128400731673515,0,12,1,0,0
positive,C13H27O4_001,C13H27O4,False,True,-0.6395428728588775,0.5275335188226722,0.22322457583608626,0,12,2,0,0
positive,C13H27O_001,C13H27O,False,True,-0.5953797723890765,0.551353137404556,0.20128400731673515,0,12,1,0,0
positive,C13H27_001,C13H27,False,True,-0.5512166719192755,0.576248278600913,0.17956552138868945,0,12,0,0,0
positive,C13H28O2_001,C13H28O2,False,True,-0.5953797723890765,0.551353137404556,0.20128400731673515,0,12,1,0,0
positive,C13H28_001,C13H28,False,True,-0.5512166719192755,0.576248278600913,0.17956552138868945,0,12,0,0,0
positive,C14H27O_001,C14H27O,False,True,-0.6129904626871184,0.5417284257117959,0.21001283580058897,0,13,0,0,1
positive,C14H27_001,C14H27,False,True,-0.5729266315708499,0.563872773646993,0.19020695756636705,0,12,0,1,0
positive,C14H28O3_001,C14H28O3,False,True,-0.6571535631569194,0.518324614977785,0.23201117653629902,0,13,1,0,1
positive,C14H28O_001,C14H28O,False,True,-0.6129904626871184,0.5417284257117959,0.21001283580058897,0,13,0,0,1
positive,C14H28O_002,C14H28O,True,True,-0.6854775955188172,0.5038495358218051,0.24616528310423821,0,13,2,0,0
positive,C14H28_001,C14H28,False,True,-0.5729266315708499,0.563872773646993,0.19020695756636705,0,12,0,1,0
positive,C14H29O2_001,C14H29O2,False,True,-0.6413144950490162,0.5265997561162786,0.22410779090916688,0,13,1,0,0
positive,C14H29O2_002,C14H29O2,False,True,-0.6413144950490162,0.5265997561162786,0.22410779090916688,0,13,1,0,0
positive,C14H29O4_001,C14H29O4,False,True,-0.6854775955188172,0.5038495358218051,0.24616528310423821,0,13,2,0,0
positive,C14H29O_001,C14H29O,False,True,-0.6413144950490162,0.5265997561162786,0.22410779090916688,0,13,1,0,0
positive,C14H29_001,C14H29,False,True,-0.5971513945792152,0.5503772126919226,0.20216065086668458,0,13,0,0,0
positive,C14H30O2_001,C14H30O2,False,True,-0.6413144950490162,0.5265997561162786,0.22410779090916688,0,13,1,0,0
positive,C14H30_001,C14H30,False,True,-0.5971513945792152,0.5503772126919226,0.20216065086668458,0,13,0,0,0
positive,C15H29O_001,C15H29O,False,True,-0.658925185347058,0.5174071525265797,0.23289585643250396,0,14,0,0,1
positive,C15H29_001,C15H29,False,True,-0.6188613542307896,0.538557314611306,0.21292935189872927,0,13,0,1,0
positive,C15H30O3_001,C15H30O3,False,True,-0.703088285816859,0.49505407209842095,0.2549703901043867,0,14,1,0,1
positive,C15H30O_001,C15H30O,False,True,-0.658925185347058,0.5174071525265797,0.23289585643250396,0,14,0,0,1
positive,C15H30O_002,C15H30O,True,True,-0.7314123181787567,0.48122886165491935,0.26912349397985075,0,14,2,0,0
positive,C15H30_001,C15H30,False,True,-0.6188613542307896,0.538557314611306,0.21292935189872927,0,13,0,1,0
positive,C15H31O2_001,C15H31O2,False,True,-0.6872492177089558,0.5029576950393766,0.24705105292056936,0,14,1,0,0
positive,C15H31O2_002,C15H31O2,False,True,-0.6872492177089558,0.5029576950393766,0.24705105292056936,0,14,1,0,0
positive,C15H31O4_001,C15H31O4,False,True,-0.7314123181787567,0.48122886165491935,0.26912349397985075,0,14,2,0,0
positive,C15H31O_001,C15H31O,False,True,-0.6872492177089558,0.5029576950393766,0.24705105292056936,0,14,1,0,0
positive,C15H31_001,C15H31,False,True,-0.6430861172391548,0.5256676462201062,0.22499118184237432,0,14,0,0,0
positive,C15H32O2_001,C15H32O2,False,True,-0.6872492177089558,0.5029576950393766,0.24705105292056936,0,14,1,0,0
positive,C15H32_001,C15H32,False,True,-0.6430861172391548,0.5256676462201062,0.22499118184237432,0,14,0,0,0
positive,C16H31_001,C16H31,False,True,-0.6647960768907292,0.5143784106570828,0.23582832803594092,0,14,0,1,0
positive,C16H32O3_001,C16H32O3,False,True,-0.7490230084767987,0.4728282763721966,0.27791002619270916,0,15,1,0,1
positive,C16H32O_001,C16H32O,True,True,-0.7773470408386964,0.4596237583348535,0.29200648255614886,0,15,2,0,0
positive,C16H32_001,C16H32,False,True,-0.6647960768907292,0.5143784106570828,0.23582832803594092,0,14,0,1,0
positive,C16H33O2_001,C16H33O2,False,True,-0.7331839403688954,0.4803770606826201,0.27000799906483347,0,15,1,0,0
positive,C16H33O2_002,C16H33O2,False,True,-0.7331839403688954,0.4803770606826201,0.27000799906483347,0,15,1,0,0
positive,C16H33O4_001,C16H33O4,False,True,-0.7773470408386964,0.4596237583348535,0.29200648255614886,0,15,2,0,0
positive,C16H33O_001,C16H33O,False,True,-0.7331839403688954,0.4803770606826201,0.27000799906483347,0,15,1,0,0
positive,C16H33_001,C16H33,False,True,-0.6890208398990945,0.5020674328631085,0.24793684141553496,0,15,0,0,0
positive,C16H34O2_001,C16H34O2,False,True,-0.7331839403688954,0.4803770606826201,0.27000799906483347,0,15,1,0,0
positive,C16H34_001,C16H34,False,True,-0.6890208398990945,0.5020674328631085,0.24793684141553496,0,15,0,0,0
positive,C2H2O_001,C2H2O,False,True,-0.03754902775947766,0.963147195614186,0.0013581291910990682,0,0,0,1,1
positive,C2H2_001,C2H2,False,True,-0.012676001701935035,0.9874040004152047,0.00015865920554016316,1,0,0,0,0
positive,C2H3O2_001,C2H3O2,False,True,-0.10593689123764388,0.8994814114434108,0.010103986645408873,0,1,1,0,1
positive,C2H3O3_001,C2H3O3,False,True,-0.10593689123764388,0.8994814114434108,0.010103986645408873,0,1,1,0,1
positive,C2H3O_001,C2H3O,False,True,-0.06587306012137537,0.9362497041725093,0.004064100218092578,0,0,1,1,0
positive,C2H3O_002,C2H3O,False,True,-0.06177379076784291,0.9400955210262344,0.003588546601118326,0,1,0,0,1
positive,C2H3_001,C2H3,False,True,-0.021709959651574382,0.9785240053402557,0.0004612183466253639,0,0,0,1,0
positive,C2H4O3_001,C2H4O3,False,True,-0.10593689123764388,0.8994814114434108,0.010103986645408873,0,1,1,0,1
positive,C2H4O_001,C2H4O,False,True,-0.06177379076784291,0.9400955210262344,0.003588546601118326,0,1,0,0,1
positive,C2H4O_002,C2H4O,True,True,-0.1342609235995416,0.8743618931845029,0.01578493388418227,0,1,2,0,0
positive,C2H4_001,C2H4,False,True,-0.021709959651574382,0.9785240053402557,0.0004612183466253639,0,0,0,1,0
positive,C2H5O2_001,C2H5O2,False,True,-0.0900978231297406,0.9138417860350453,0.007423237833630917,0,1,1,0,0
positive,C2H5O2_002,C2H5O2,False,True,-0.0900978231297406,0.9138417860350453,0.007423237833630917,0,1,1,0,0
positive,C2H5O3_001,C2H5O3,False,True,-0.0900978231297406,0.9138417860350453,0.007423237833630917,0,1,1,0,0
positive,C2H5O4_001,C2H5O4,False,True,-0.0900978231297406,0.9138417860350453,0.007423237833630917,0,1,1,0,0
positive,C2H5O_001,C2H5O,False,True,-0.0900978231297406,0.9138417860350453,0.007423237833630917,0,1,1,0,0
positive,C2H5O_002,C2H5O,False,True,-0.0900978231297406,0.9138417860350453,0.007423237833630917,0,1,1,0,0
positive,C2H5_001,C2H5,False,True,-0.04593472265993963,0.9551043068244762,0.002015623265710772,0,1,0,0,0
positive,C2H6O2_001,C2H6O2,False,True,-0.0900978231297406,0.9138417860350453,0.007423237833630917,0,1,1,0,0
positive,C2H6O_001,C2H6O,False,True,-0.0900978231297406,0.9138417860350453,0.007423237833630917,0,1,1,0,0
positive,C2H6_001,C2H6,False,True,-0.04593472265993963,0.9551043068244762,0.002015623265710772,0,1,0,0,0
positive,C2HO_001,C2HO,False,True,-0.03754902775947766,0.963147195614186,0.0013581291910990682,0,0,0,1,1
positive,C2H_001,C2H,False,True,-0.012676001701935035,0.9874040004152047,0.00015865920554016316,1,0,0,0,0
positive,C3H2_001,C3H2,False,True,-0.09186944531987926,0.9122242369146634,0.007704584585213145,0,2,0,0,0
positive,C3H3O_001,C3H3O,False,True,-0.08348375041941729,0.9199060346370254,0.006415043287565382,0,1,0,1,1
positive,C3H3_001,C3H3,False,True,-0.09186944531987926,0.9122242369146634,0.007704584585213145,0,2,0,0,0
positive,C3H4O_001,C3H4O,False,True,-0.08348375041941729,0.9199060346370254,0.006415043287565382,0,1,0,1,1
positive,C3H4_001,C3H4,False,True,-0.043419919303148764,0.9575092290271368,0.0018054656178683177,0,0,0,2,0
positive,C3H4_002,C3H4,False,True,-0.058610724361874665,0.943073813372279,0.0032405907239741183,1,1,0,0,0
positive,C3H5O2_001,C3H5O2,False,True,-0.10770851342778254,0.8978892809585564,0.010426598943160642,0,2,0,0,1
positive,C3H5O3_001,C3H5O3,False,True,-0.15187161389758352,0.8590985699781604,0.019853212982199372,0,2,1,0,1
positive,C3H5O_001,C3H5O,False,True,-0.11180778278131498,0.8942161247183055,0.011190228269613103,0,1,1,1,0
positive,C3H5O_002,C3H5O,False,True,-0.11180778278131498,0.8942161247183055,0.011190228269613103,0,1,1,1,0
positive,C3H5O_003,C3H5O,False,True,-0.10770851342778254,0.8978892809585564,0.010426598943160642,0,2,0,0,1
positive,C3H5_001,C3H5,False,True,-0.067644682311514,0.9345924918316151,0.00427814212479734,0,1,0,1,0
positive,C3H6O3_001,C3H6O3,False,True,-0.15187161389758352,0.8590985699781604,0.019853212982199372,0,2,1,0,1
positive,C3H6O_001,C3H6O,False,True,-0.11180778278131498,0.8942161247183055,0.011190228269613103,0,1,1,1,0
positive,C3H6O_002,C3H6O,False,True,-0.10770851342778254,0.8978892809585564,0.010426598943160642,0,2,0,0,1
positive,C3H6O_003,C3H6O,True,True,-0.1801956462594812,0.8351068099037214,0.02718976414012746,0,2,2,0,0
positive,C3H6_001,C3H6,False,True,-0.067644682311514,0.9345924918316151,0.00427814212479734,0,1,0,1,0
positive,C3H7O2_001,C3H7O2,False,True,-0.13603254578968024,0.8728142255982433,0.016176221210174552,0,2,1,0,0
positive,C3H7O2_002,C3H7O2,False,True,-0.13603254578968024,0.8728142255982433,0.016176221210174552,0,2,1,0,0
positive,C3H7O3_001,C3H7O3,False,True,-0.13603254578968024,0.8728142255982433,0.016176221210174552,0,2,1,0,0
positive,C3H7O4_001,C3H7O4,False,True,-0.1801956462594812,0.8351068099037214,0.02718976414012746,0,2,2,0,0
positive,C3H7O_001,C3H7O,False,True,-0.13603254578968024,0.8728142255982433,0.016176221210174552,0,2,1,0,0
positive,C3H7O_002,C3H7O,False,True,-0.13603254578968024,0.8728142255982433,0.016176221210174552,0,2,1,0,0
positive,C3H7_001,C3H7,False,True,-0.09186944531987926,0.9122242369146634,0.007704584585213145,0,2,0,0,0
positive,C3H8O2_001,C3H8O2,False,True,-0.13603254578968024,0.8728142255982433,0.016176221210174552,0,2,1,0,0
positive,C3H8_001,C3H8,False,True,-0.09186944531987926,0.9122242369146634,0.007704584585213145,0,2,0,0,0
positive,C4H10O2_001,C4H10O2,False,True,-0.18196726844961986,0.8336286259265522,0.027679434111087104,0,3,1,0,0
positive,C4H10_001,C4H10,False,True,-0.13780416797981887,0.8712692974668663,0.01657159377467415,0,3,0,0,0
positive,C4H5O_001,C4H5O,False,True,-0.12941847307935692,0.8786062155556488,0.01473645090172161,0,2,0,1,1
positive,C4H6O_001,C4H6O,False,True,-0.12941847307935692,0.8786062155556488,0.01473645090172161,0,2,0,1,1
positive,C4H6_001,C4H6,False,True,-0.0893546419630884,0.9145211884680021,0.0073066272209228135,0,1,0,2,0
positive,C4H7O2_001,C4H7O2,False,True,-0.15364323608772215,0.8575779192950495,0.020284049072327448,0,3,0,0,1
positive,C4H7O3_001,C4H7O3,False,True,-0.19780633655752314,0.8205287441728898,0.03220993166816004,0,3,1,0,1
positive,C4H7O3_002,C4H7O3,False,True,-0.19780633655752314,0.8205287441728898,0.03220993166816004,0,3,1,0,1
positive,C4H7O_001,C4H7O,False,True,-0.15774250544125462,0.8540696719503466,0.02129566064467947,0,2,1,1,0
positive,C4H7O_002,C4H7O,False,True,-0.15774250544125462,0.8540696719503466,0.02129566064467947,0,2,1,1,0
positive,C4H7O_003,C4H7O,False,True,-0.15364323608772215,0.8575779192950495,0.020284049072327448,0,3,0,0,1
positive,C4H7_001,C4H7,False,True,-0.11357940497145363,0.8926333140741947,0.011527605246690525,0,2,0,1,0
positive,C4H8O2_001,C4H8O2,False,True,-0.15774250544125462,0.8540696719503466,0.02129566064467947,0,2,1,1,0
positive,C4H8O2_002,C4H8O2,False,True,-0.15364323608772215,0.8575779192950495,0.020284049072327448,0,3,0,0,1
positive,C4H8O3_001,C4H8O3,False,True,-0.19780633655752314,0.8205287441728898,0.03220993166816004,0,3,1,0,1
positive,C4H8O4_001,C4H8O4,False,True,-0.20190560591105558,0.817172060513913,0.03342605545672829,0,2,2,1,0
positive,C4H8O_001,C4H8O,False,True,-0.15774250544125462,0.8540696719503466,0.02129566064467947,0,2,1,1,0
positive,C4H8O_002,C4H8O,False,True,-0.15364323608772215,0.8575779192950495,0.020284049072327448,0,3,0,0,1
positive,C4H8O_003,C4H8O,True,True,-0.22613036891942084,0.7976141107974936,0.04096004814828921,0,3,2,0,0
positive,C4H8_001,C4H8,False,True,-0.11357940497145363,0.8926333140741947,0.011527605246690525,0,2,0,1,0
positive,C4H9O2_001,C4H9O2,False,True,-0.18196726844961986,0.8336286259265522,0.027679434111087104,0,3,1,0,0
positive,C4H9O2_002,C4H9O2,False,True,-0.18196726844961986,0.8336286259265522,0.027679434111087104,0,3,1,0,0
positive,C4H9O3_001,C4H9O3,False,True,-0.18196726844961986,0.8336286259265522,0.027679434111087104,0,3,1,0,0
positive,C4H9O4_001,C4H9O4,False,True,-0.22613036891942084,0.7976141107974936,0.04096004814828921,0,3,2,0,0
positive,C4H9O_001,C4H9O,False,True,-0.18196726844961986,0.8336286259265522,0.027679434111087104,0,3,1,0,0
positive,C4H9O_002,C4H9O,False,True,-0.18196726844961986,0.8336286259265522,0.027679434111087104,0,3,1,0,0
positive,C4H9_001,C4H9,False,True,-0.13780416797981887,0.8712692974668663,0.01657159377467415,0,3,0,0,0
positive,C5H10O2_001,C5H10O2,False,True,-0.20367722810119424,0.8157256220079435,0.03395704638435931,0,3,1,1,0
positive,C5H10O3_001,C5H10O3,False,True,-0.24374105921746278,0.7836905374328059,0.04678978359610834,0,4,1,0,1
positive,C5H10O_001,C5H10O,False,True,-0.1995779587476618,0.8190763641562748,0.032733362006912875,0,4,0,0,1
positive,C5H10O_002,C5H10O,True,True,-0.2720650915793605,0.761804672406661,0.05673701408729806,0,4,2,0,0
positive,C5H10_001,C5H10,False,True,-0.15951412763139325,0.8525579226872687,0.02173916616229343,0,3,0,1,0
positive,C5H11O2_001,C5H11O2,False,True,-0.2279019911095595,0.7962022909146202,0.04153350622844908,0,4,1,0,0
positive,C5H11O2_002,C5H11O2,False,True,-0.2279019911095595,0.7962022909146202,0.04153350622844908,0,4,1,0,0
positive,C5H11O4_001,C5H11O4,False,True,-0.2720650915793605,0.761804672406661,0.05673701408729806,0,4,2,0,0
positive,C5H11O_001,C5H11O,False,True,-0.2279019911095595,0.7962022909146202,0.04153350622844908,0,4,1,0,0
positive,C5H11_001,C5H11,False,True,-0.1837388906397585,0.8321530584145398,0.02817259579959289,0,4,0,0,0
positive,C5H12O2_001,C5H12O2,False,True,-0.2279019911095595,0.7962022909146202,0.04153350622844908,0,4,1,0,0
positive,C5H12_001,C5H12,False,True,-0.1837388906397585,0.8321530584145398,0.02817259579959289,0,4,0,0,0
positive,C5H7O_001,C5H7O,False,True,-0.17535319573929653,0.8391605804799543,0.025869318871545244,0,3,0,1,1
positive,C5H8O_001,C5H8O,False,True,-0.17535319573929653,0.8391605804799543,0.025869318871545244,0,3,0,1,1
positive,C5H9O2_001,C5H9O2,False,True,-0.24374105921746278,0.7836905374328059,0.04678978359610834,0,4,1,0,1
positive,C5H9O2_002,C5H9O2,False,True,-0.24374105921746278,0.7836905374328059,0.04678978359610834,0,4,1,0,1
positive,C5H9O3_001,C5H9O3,False,True,-0.24374105921746278,0.7836905374328059,0.04678978359610834,0,4,1,0,1
positive,C5H9O3_002,C5H9O3,False,True,-0.24374105921746278,0.7836905374328059,0.04678978359610834,0,4,1,0,1
positive,C5H9O_001,C5H9O,False,True,-0.20367722810119424,0.8157256220079435,0.03395704638435931,0,3,1,1,0
positive,C5H9O_002,C5H9O,False,True,-0.1995779587476618,0.8190763641562748,0.032733362006912875,0,4,0,0,1
positive,C5H9_001,C5H9,False,True,-0.15951412763139325,0.8525579226872687,0.02173916616229343,0,3,0,1,0
positive,C6H10O_001,C6H10O,False,True,-0.22128791839923617,0.8014858845337319,0.03940785403935481,0,4,0,1,1
positive,C6H11O_001,C6H11O,False,True,-0.24961195076113388,0.7791030547668617,0.048795460413332103,0,4,1,1,0
positive,C6H11O_002,C6H11O,False,True,-0.24551268140760144,0.7823033630237912,0.04739182575075123,0,5,0,0,1
positive,C6H11_001,C6H11,False,True,-0.2054488502913329,0.8142817437759392,0.034491270694905894,0,4,0,1,0
positive,C6H12O2_001,C6H12O2,False,True,-0.24961195076113388,0.7791030547668617,0.048795460413332103,0,4,1,1,0
positive,C6H12O3_001,C6H12O3,False,True,-0.2896757818774024,0.7485062075196613,0.06324912765614364,0,5,1,0,1
positive,C6H12O_001,C6H12O,False,True,-0.24551268140760144,0.7823033630237912,0.04739182575075123,0,5,0,0,1
positive,C6H12O_002,C6H12O,True,True,-0.3179998142393001,0.7276029235746112,0.0742001672450991,0,5,2,0,0
positive,C6H12_001,C6H12,False,True,-0.2054488502913329,0.8142817437759392,0.034491270694905894,0,4,0,1,0
positive,C6H13O2_001,C6H13O2,False,True,-0.27383671376949914,0.7604562371560684,0.05738121431742976,0,5,1,0,0
positive,C6H13O2_002,C6H13O2,False,True,-0.27383671376949914,0.7604562371560684,0.05738121431742976,0,5,1,0,0
positive,C6H13O4_001,C6H13O4,False,True,-0.3179998142393001,0.7276029235746112,0.0742001672450991,0,5,2,0,0
positive,C6H13O_001,C6H13O,False,True,-0.27383671376949914,0.7604562371560684,0.05738121431742976,0,5,1,0,0
positive,C6H13_001,C6H13,False,True,-0.22967361329969815,0.7947929700288869,0.0421099251495653,0,5,0,0,0
positive,C6H14O2_001,C6H14O2,False,True,-0.27383671376949914,0.7604562371560684,0.05738121431742976,0,5,1,0,0
positive,C6H14_001,C6H14,False,True,-0.22967361329969815,0.7947929700288869,0.0421099251495653,0,5,0,0,0
positive,C6H9O_001,C6H9O,False,True,-0.22128791839923617,0.8014858845337319,0.03940785403935481,0,4,0,1,1
positive,C7H12O_001,C7H12O,False,True,-0.2672226410591758,0.7655026201771923,0.05498902114376215,0,5,0,1,1
positive,C7H13O_001,C7H13O,False,True,-0.291447404067541,0.7471813112672948,0.06391728937252447,0,6,0,0,1
positive,C7H13_001,C7H13,False,True,-0.25138357295127256,0.7777240004489442,0.049406619976420964,0,5,0,1,0
positive,C7H14O3_001,C7H14O3,False,True,-0.335610504537342,0.7149015024868838,0.08128115328423634,0,6,1,0,1
positive,C7H14O_001,C7H14O,False,True,-0.291447404067541,0.7471813112672948,0.06391728937252447,0,6,0,0,1
positive,C7H14O_002,C7H14O,True,True,-0.3639345368992397,0.6949366859641914,0.09306362557051034,0,6,2,0,0
positive,C7H14_001,C7H14,False,True,-0.25138357295127256,0.7777240004489442,0.049406619976420964,0,5,0,1,0
positive,C7H15O2_001,C7H15O2,False,True,-0.3197714364294387,0.7263150272592962,0.07490346430407978,0,6,1,0,0
positive,C7H15O2_002,C7H15O2,False,True,-0.3197714364294387,0.7263150272592962,0.07490346430407978,0,6,1,0,0
positive,C7H15O4_001,C7H15O4,False,True,-0.3639345368992397,0.6949366859641914,0.09306362557051034,0,6,2,0,0
positive,C7H15O_001,C7H15O,False,True,-0.3197714364294387,0.7263150272592962,0.07490346430407978,0,6,1,0,0
positive,C7H15_001,C7H15,False,True,-0.27560833595963774,0.7591101887084069,0.05802790118409936,0,6,0,0,0
positive,C7H16O2_001,C7H16O2,False,True,-0.3197714364294387,0.7263150272592962,0.07490346430407978,0,6,1,0,0
positive,C7H16_001,C7H16,False,True,-0.27560833595963774,0.7591101887084069,0.05802790118409936,0,6,0,0,0
positive,C8H14O_001,C8H14O,False,True,-0.3131573637191154,0.7311348494166576,0.07228846919820336,0,6,0,1,1
positive,C8H15O_001,C8H15O,False,True,-0.3373821267274807,0.7136360883701528,0.08200428988394694,0,7,0,0,1
positive,C8H15_001,C8H15,False,True,-0.29731829561121215,0.7428075423495476,0.06614796027227975,0,6,0,1,0
positive,C8H16O3_001,C8H16O3,False,True,-0.3815452271972817,0.6828055039805117,0.1006123483050572,0,7,1,0,1
positive,C8H16O_001,C8H16O,False,True,-0.3373821267274807,0.7136360883701528,0.08200428988394694,0,7,0,0,1
positive,C8H16O_002,C8H16O,True,True,-0.40986925955917936,0.6637370217347278,0.1130727905518309,0,7,2,0,0
positive,C8H16_001,C8H16,False,True,-0.29731829561121215,0.7428075423495476,0.06614796027227975,0,6,0,1,0
positive,C8H17O2_001,C8H17O2,False,True,-0.36570615908937837,0.6937066106466907,0.09381564036153793,0,7,1,0,0
positive,C8H17O2_002,C8H17O2,False,True,-0.36570615908937837,0.6937066106466907,0.09381564036153793,0,7,1,0,0
positive,C8H17O4_001,C8H17O4,False,True,-0.40986925955917936,0.6637370217347278,0.1130727905518309,0,7,2,0,0
positive,C8H17O_001,C8H17O,False,True,-0.36570615908937837,0.6937066106466907,0.09381564036153793,0,7,1,0,0
positive,C8H17_001,C8H17,False,True,-0.3215430586195774,0.7250294105897402,0.07560882504062566,0,7,0,0,0
positive,C8H18O2_001,C8H18O2,False,True,-0.36570615908937837,0.6937066106466907,0.09381564036153793,0,7,1,0,0
positive,C8H18_001,C8H18,False,True,-0.3215430586195774,0.7250294105897402,0.07560882504062566,0,7,0,0,0
positive,C9H16O_001,C9H16O,False,True,-0.3590920863790551,0.6983100435473145,0.09101682982442326,0,7,0,1,1
positive,C9H17O_001,C9H17O,False,True,-0.3833168493874203,0.6815969015077055,0.10138053312949381,0,8,0,0,1
positive,C9H17_001,C9H17,False,True,-0.3432530182711518,0.7094586828397574,0.08441425697720865,0,7,0,1,0
positive,C9H18O3_001,C9H18O3,False,True,-0.42747994985722126,0.6521504775752438,0.12099929025113096,0,8,1,0,1
positive,C9H18O_001,C9H18O,False,True,-0.3833168493874203,0.6815969015077055,0.10138053312949381,0,8,0,0,1
positive,C9H18O_002,C9H18O,True,True,-0.455803982219119,0.6339380880576896,0.13400132337485982,0,8,2,0,0
positive,C9H18_001,C9H18,False,True,-0.3432530182711518,0.7094586828397574,0.08441425697720865,0,7,0,1,0
positive,C9H19O2_001,C9H19O2,False,True,-0.411640881749318,0.6625621715012644,0.1138642881019421,0,8,1,0,0
positive,C9H19O2_002,C9H19O2,False,True,-0.411640881749318,0.6625621715012644,0.1138642881019421,0,8,1,0,0
positive,C9H19O4_001,C9H19O4,False,True,-0.455803982219119,0.6339380880576896,0.13400132337485982,0,8,2,0,0
positive,C9H19O_001,C9H19O,False,True,-0.411640881749318,0.6625621715012644,0.1138642881019421,0,8,1,0,0
positive,C9H19_001,C9H19,False,True,-0.367477781279517,0.6924787126286724,0.09456934218651862,0,8,0,0,0
positive,C9H20O2_001,C9H20O2,False,True,-0.411640881749318,0.6625621715012644,0.1138642881019421,0,8,1,0,0
positive,C9H20_001,C9H20,False,True,-0.367477781279517,0.6924787126286724,0.09456934218651862,0,8,0,0,0
positive,CH2O2_001,CH2O2,False,True,-0.01583906810790328,0.9842857102716425,0.0002469389016667631,0,0,0,0,1
positive,CH2O3_001,CH2O3,False,True,-0.06000216857770426,0.9417624912968929,0.003391607419944471,0,0,1,0,1
positive,CH2O_001,CH2O,False,True,-0.01583906810790328,0.9842857102716425,0.0002469389016667631,0,0,0,0,1
positive,CH2_001,CH2,False,False,0.0,1.0,0.0,0,0,0,0,0
positive,CH3O2_001,CH3O2,False,True,-0.04416310046980098,0.9567978905606442,0.0018664222600100722,0,0,1,0,0
positive,CH3O2_002,CH3O2,False,True,-0.08832620093960196,0.9154622033812986,0.007146639057144926,0,0,2,0,0
positive,CH3O_001,CH3O,False,True,-0.04416310046980098,0.9567978905606442,0.0018664222600100722,0,0,1,0,0
positive,CH3O_002,CH3O,False,True,-0.04416310046980098,0.9567978905606442,0.0018664222600100722,0,0,1,0,0
positive,CH3_001,CH3,False,False,0.0,1.0,0.0,0,0,0,0,0
positive,CH4O2_001,CH4O2,False,True,-0.04416310046980098,0.9567978905606442,0.0018664222600100722,0,0,1,0,0
positive,CH4O_001,CH4O,False,True,-0.04416310046980098,0.9567978905606442,0.0018664222600100722,0,0,1,0,0
positive,CH4_001,CH4,False,False,0.0,1.0,0.0,0,0,0,0,0
positive,CHO2_001,CHO2,False,True,-0.01583906810790328,0.9842857102716425,0.0002469389016667631,0,0,0,0,1
positive,CHO3_001,CHO3,False,True,-0.06000216857770426,0.9417624912968929,0.003391607419944471,0,0,1,0,1
positive,CHO_001,CHO,False,True,-0.01583906810790328,0.9842857102716425,0.0002469389016667631,0,0,0,0,1
positive,CH_001,CH,False,False,0.0,1.0,0.0,0,0,0,0,0
positive,CO2_001,CO2,False,True,-0.03167813621580656,0.9688183594449516,0.000972294707704236,0,0,0,0,2
positive,H2O2_001,H2O2,False,False,0.0,1.0,0.0,0,0,0,0,0
positive,H2O_001,H2O,False,False,0.0,1.0,0.0,0,0,0,0,0
positive,HO2_001,HO2,False,False,0.0,1.0,0.0,0,0,0,0,0
positive,HO_001,HO,False,False,0.0,1.0,0.0,0,0,0,0,0
positive,O2_001,O2,False,False,0.0,1.0,0.0,0,0,0,0,0
pseudo_negative,C10H10O2_001,C10H10O2,True,True,-0.4183510737901071,0.6581311352697792,0.4331365912114884,0,7,0,3,2
pseudo_negative,C10H10O2_002,C10H10O2,True,True,-0.44174041755589794,0.6429165036339363,0.41334163064488516,1,6,2,3,0
pseudo_negative,C10H10O2_003,C10H10O2,True,True,-0.43764114820236544,0.6455574007302923,0.4167443576376512,1,7,1,2,1
pseudo_negative,C10H10O2_004,C10H10O2,True,True,-0.43354187884883305,0.6482091457943613,0.42017509669145553,1,8,0,1,2
pseudo_negative,C10H10O_001,C10H10O,True,True,-0.39757731708609695,0.6719459877333275,0.4515114104309171,1,6,1,3,0
pseudo_negative,C10H10O_002,C10H10O,True,True,-0.39347804773256445,0.6747061287436809,0.4552283601642844,1,7,0,2,1
pseudo_negative,C10H10_001,C10H10,True,True,-0.35341421661629596,0.7022862344936763,0.49320595515930693,1,6,0,3,0
pseudo_negative,C10H12O2_001,C10H12O2,True,True,-0.44667510615200484,0.6397517259136303,0.4092822708094687,0,7,1,3,1
pseudo_negative,C10H12O2_002,C10H12O2,True,True,-0.44257583679847234,0.6423796231068186,0.41265158018285836,0,8,0,2,2
pseudo_negative,C10H12O2_003,C10H12O2,True,True,-0.46596518056426317,0.6275291338772891,0.3937928138647807,1,7,2,2,0
pseudo_negative,C10H12O2_004,C10H12O2,True,True,-0.46186591121073073,0.6301068245387798,0.3970346103303446,1,8,1,1,1
pseudo_negative,C10H12O2_005,C10H12O2,True,True,-0.4577666418571983,0.6326951035359948,0.4003030940384232,1,9,0,0,2
pseudo_negative,C10H12O_001,C10H12O,True,True,-0.40251200568220386,0.6686383114188954,0.4470771914971117,0,7,0,3,1
pseudo_negative,C10H12O_002,C10H12O,True,True,-0.4218020800944622,0.6558638350567254,0.4301573701353155,1,7,1,2,0
pseudo_negative,C10H12O_003,C10H12O,True,True,-0.41770281074092974,0.6585579156843281,0.4336985283104866,1,8,0,1,1
pseudo_negative,C10H12_001,C10H12,True,True,-0.3776389796246612,0.685477927498791,0.46987998908803774,1,7,0,2,0
pseudo_negative,C10H14O2_001,C10H14O2,True,True,-0.4749991385139025,0.6218855922105813,0.3867416897991054,0,7,2,3,0
pseudo_negative,C10H14O2_002,C10H14O2,True,True,-0.47089986916037,0.6244401009927507,0.3899254397278367,0,8,1,2,1
pseudo_negative,C10H14O2_003,C10H14O2,True,True,-0.46680059980683763,0.6270051028868364,0.3931353990461323,0,9,0,1,2
pseudo_negative,C10H14O2_004,C10H14O2,True,True,-0.49018994357262846,0.6125100407890578,0.37516855006741323,1,8,2,1,0
pseudo_negative,C10H14O2_005,C10H14O2,True,True,-0.48609067421909596,0.6150260377794381,0.3782570271466748,1,9,1,0,1
pseudo_negative,C10H14O_001,C10H14O,True,True,-0.43083603804410153,0.6499654716485441,0.4224551143353144,0,7,1,3,0
pseudo_negative,C10H14O_002,C10H14O,True,True,-0.42673676869056903,0.6526353236699284,0.4259328657017522,0,8,0,2,1
pseudo_negative,C10H14O_003,C10H14O,True,True,-0.4460268431028275,0.640166587773466,0.4098132601015228,1,8,1,1,0
pseudo_negative,C10H14O_004,C10H14O,True,True,-0.441927573749295,0.6427961890876014,0.4131869407055434,1,9,0,0,1
pseudo_negative,C10H14_001,C10H14,True,True,-0.38667293757430055,0.6793132364325041,0.4614664731924032,0,7,0,3,0
pseudo_negative,C10H14_002,C10H14,True,True,-0.4018637426330265,0.6690719054557642,0.4476572146702071,1,8,0,1,0
pseudo_negative,C10H16O2_001,C10H16O2,True,True,-0.49922390152226775,0.6070015699470555,0.3684509059181901,0,8,2,2,0
pseudo_negative,C10H16O2_002,C10H16O2,True,True,-0.49512463216873537,0.6094949398862248,0.37148408174691283,0,9,1,1,1
pseudo_negative,C10H16O2_003,C10H16O2,True,True,-0.49102536281520287,0.6119985517983336,0.37454222740325765,0,10,0,0,2
pseudo_negative,C10H16O2_004,C10H16O2,True,True,-0.5144147065809936,0.5978504101464969,0.35742511291233453,1,9,2,0,0
pseudo_negative,C10H16O_001,C10H16O,True,True,-0.45506080105246677,0.6344093940167213,0.4024752792166635,0,8,1,2,0
pseudo_negative,C10H16O_002,C10H16O,True,True,-0.4509615316989344,0.6370153466047943,0.4057885518100262,0,9,0,1,1
pseudo_negative,C10H16O_003,C10H16O,True,True,-0.4702516061111927,0.6248450336739153,0.39043131610695636,1,9,1,0,0
pseudo_negative,C10H16_001,C10H16,True,True,-0.4108977005826658,0.6630547582467844,0.4396416124337017,0,8,0,2,0
pseudo_negative,C10H16_002,C10H16,True,True,-0.4260885056413917,0.6530585401978486,0.426485456925345,1,9,0,0,0
pseudo_negative,C10H18O2_001,C10H18O2,True,True,-0.523448664530633,0.5924737773848059,0.3510251768886205,0,9,2,1,0
pseudo_negative,C10H18O2_002,C10H18O2,True,True,-0.5193493951771005,0.59490747175961,0.3539148999554112,0,10,1,0,1
pseudo_negative,C10H18O_001,C10H18O,True,True,-0.47928556406083206,0.6192256308567325,0.3834403819099184,0,9,1,1,0
pseudo_negative,C10H18O_002,C10H18O,True,True,-0.47518629470729956,0.6217692133612656,0.386596954683887,0,10,0,0,1
pseudo_negative,C10H18_001,C10H18,True,True,-0.4351224635910311,0.6471854055759798,0.4188489491905455,0,9,0,1,0
pseudo_negative,C10H20O2_001,C10H20O2,True,True,-0.5476734275389983,0.5782936886295665,0.33442359030879004,0,10,2,0,0
pseudo_negative,C10H20O_001,C10H20O,True,True,-0.5035103270691973,0.6044052713062632,0.36530573198279764,0,10,1,0,0
pseudo_negative,C10H20_001,C10H20,True,True,-0.4593472265993963,0.6316958652073391,0.39903966612004876,0,10,0,0,0
pseudo_negative,C10H6O2_001,C10H6O2,True,True,-0.3850923528321025,0.6803877975629361,0.4629275550725429,1,6,0,3,2
pseudo_negative,C10H8O2_001,C10H8O2,True,True,-0.4134163851940002,0.6613868338002786,0.4374325439243574,1,6,1,3,1
pseudo_negative,C10H8O2_002,C10H8O2,True,True,-0.40931711584046776,0.6641036011551041,0.44103359306717765,1,7,0,2,2
pseudo_negative,C10H8O_001,C10H8O,True,True,-0.3692532847241992,0.6912503051326054,0.47782698434592014,1,6,0,3,1
pseudo_negative,C12H10O2_001,C12H10O2,True,True,-0.4769617981519818,0.6206662394378978,0.3852265807779819,1,8,0,3,2
pseudo_negative,C12H12O2_001,C12H12O2,True,True,-0.5052858305138794,0.6033330997688644,0.36401082927670647,1,8,1,3,1
pseudo_negative,C12H12O2_002,C12H12O2,True,True,-0.5011865611603471,0.6058114007959947,0.3670074533344053,1,9,0,2,2
pseudo_negative,C12H12O_001,C12H12O,True,True,-0.4611227300440785,0.6305752821166192,0.39762518641645384,1,8,0,3,1
pseudo_negative,C12H14O2_001,C12H14O2,True,True,-0.5102205191099863,0.6003631726612554,0.36043593908788835,0,9,0,3,2
pseudo_negative,C12H14O2_002,C12H14O2,True,True,-0.5336098628757772,0.5864840169273109,0.3439635021111943,1,8,2,3,0
pseudo_negative,C12H14O2_003,C12H14O2,True,True,-0.5295105935222447,0.5888931072658045,0.34679509178517426,1,9,1,2,1
pseudo_negative,C12H14O2_004,C12H14O2,True,True,-0.5254113241687123,0.591312093383367,0.3496499917814197,1,10,0,1,2
pseudo_negative,C12H14O_001,C12H14O,True,True,-0.48944676240597623,0.6129654159079043,0.3757266010991501,1,8,1,3,0
pseudo_negative,C12H14O_002,C12H14O,True,True,-0.48534749305244373,0.6154832834348509,0.37881967218774504,1,9,0,2,1
pseudo_negative,C12H14_001,C12H14,True,True,-0.44528366193617525,0.6406425243566661,0.4104228440140816,1,8,0,3,0
pseudo_negative,C12H16O2_001,C12H16O2,True,True,-0.5385445514718841,0.5835970299864003,0.3405854934089474,0,9,1,3,1
pseudo_negative,C12H16O2_002,C12H16O2,True,True,-0.5344452821183516,0.5859942614981467,0.34338927450875834,0,10,0,2,2
pseudo_negative,C12H16O2_003,C12H16O2,True,True,-0.5578346258841425,0.5724472852929298,0.3276958944392449,1,9,2,2,0
pseudo_negative,C12H16O2_004,C12H16O2,True,True,-0.55373535653061,0.57479871718961,0.3303935652828212,1,10,1,1,1
pseudo_negative,C12H16O2_005,C12H16O2,True,True,-0.5496360871770775,0.5771598080227668,0.33311344399687703,1,11,0,0,2
pseudo_negative,C12H16O_001,C12H16O,True,True,-0.49438145100208314,0.6099480734060109,0.3720366522517044,0,9,0,3,1
pseudo_negative,C12H16O_002,C12H16O,True,True,-0.5136715254143415,0.598294886454546,0.35795677115765806,1,9,1,2,0
pseudo_negative,C12H16O_003,C12H16O,True,True,-0.509572256060809,0.6007524920992474,0.3609035567634563,1,10,0,1,1
pseudo_negative,C12H16_001,C12H16,True,True,-0.4695084249445405,0.6253095793344294,0.39101207000740107,1,9,0,2,0
pseudo_negative,C12H18O2_001,C12H18O2,True,True,-0.5668685838337817,0.567299109802521,0.3218282799827327,0,9,2,3,0
pseudo_negative,C12H18O2_002,C12H18O2,True,True,-0.5627693144802494,0.5696293946270273,0.32447764722315364,0,10,1,2,1
pseudo_negative,C12H18O2_003,C12H18O2,True,True,-0.5586700451267168,0.5719692515225444,0.32714882468725964,0,11,0,1,2
pseudo_negative,C12H18O2_004,C12H18O2,True,True,-0.5820593888925077,0.5587465045613675,0.3121976563595463,1,10,2,1,0
pseudo_negative,C12H18O2_005,C12H18O2,True,True,-0.5779601195389752,0.5610416579959968,0.31476774200689706,1,11,1,0,1
pseudo_negative,C12H18O_001,C12H18O,True,True,-0.5227054833639808,0.5929142563954723,0.3515473154369959,0,9,1,3,0
pseudo_negative,C12H18O_002,C12H18O,True,True,-0.5186062140104484,0.5953497601183546,0.3544413368729824,0,10,0,2,1
pseudo_negative,C12H18O_003,C12H18O,True,True,-0.5378962884227068,0.5839754770299138,0.3410273577723154,1,10,1,1,0
pseudo_negative,C12H18O_004,C12H18O,True,True,-0.5337970190691742,0.5863742630820908,0.3438347764050651,1,11,0,0,1
pseudo_negative,C12H18_001,C12H18,True,True,-0.47854238289417983,0.6196859987306713,0.38401073702282956,0,9,0,3,0
pseudo_negative,C12H18_002,C12H18,True,True,-0.49373318795290577,0.6103436083954242,0.372519320309147,1,10,0,1,0
pseudo_negative,C12H20O2_001,C12H20O2,True,True,-0.5910933468421471,0.5537215439509553,0.30660754823542974,0,10,2,2,0
pseudo_negative,C12H20O2_002,C12H20O2,True,True,-0.5869940774886145,0.5559960564410601,0.3091316147780105,0,11,1,1,1
pseudo_negative,C12H20O2_003,C12H20O2,True,True,-0.582894808135082,0.558279911907114,0.311676460039015,0,12,0,0,2
pseudo_negative,C12H20O2_004,C12H20O2,True,True,-0.6062841519008729,0.5453736341850066,0.2974324008641614,1,11,2,0,0
pseudo_negative,C12H20O_001,C12H20O,True,True,-0.5469302463723461,0.5787236253483975,0.3349210345363923,0,10,1,2,0
pseudo_negative,C12H20O_002,C12H20O,True,True,-0.5428309770188136,0.5811008384594882,0.33767818445832026,0,11,0,1,1
pseudo_negative,C12H20O_003,C12H20O,True,True,-0.5621210514310719,0.5699987840331044,0.32489861379921764,1,11,1,0,0
pseudo_negative,C12H20_001,C12H20,True,True,-0.5027671459025451,0.6048546208743094,0.36584911239300455,0,10,0,2,0
pseudo_negative,C12H20_002,C12H20,True,True,-0.517957950961271,0.5957358284925864,0.35490117734974835,1,11,0,0,0
pseudo_negative,C12H22O2_001,C12H22O2,True,True,-0.6153181098505123,0.5404689394668026,0.29210667452837036,0,11,2,1,0
pseudo_negative,C12H22O2_002,C12H22O2,True,True,-0.6112188404969797,0.5426890144607419,0.2945113664163713,0,12,1,0,1
pseudo_negative,C12H22O_001,C12H22O,True,True,-0.5711550093807113,0.5648726285862838,0.3190810865259778,0,11,1,1,0
pseudo_negative,C12H22O_002,C12H22O,True,True,-0.5670557400271787,0.567192946195511,0.32170783821394383,0,12,0,0,1
pseudo_negative,C12H22_001,C12H22,True,True,-0.5269919089109103,0.5903782127438552,0.3485464340826287,0,11,0,1,0
pseudo_negative,C12H24O2_001,C12H24O2,True,True,-0.6395428728588775,0.5275335188226722,0.2782916134814306,0,12,2,0,0
pseudo_negative,C12H24O_001,C12H24O,True,True,-0.5953797723890765,0.551353137404556,0.3039902821258473,0,12,1,0,0
pseudo_negative,C12H24_001,C12H24,True,True,-0.5512166719192755,0.576248278600913,0.33206207859051545,0,12,0,0,0
pseudo_negative,C17H24O2_001,C17H24O2,False,True,-0.6849254518001056,0.5041278099947837,0.2541448488101367,1,13,0,2,2
pseudo_negative,C17H26O2_001,C17H26O2,False,True,-0.7132494841620033,0.49004920029048077,0.24014821870533973,1,13,1,2,1
pseudo_negative,C17H26O2_002,C17H26O2,False,True,-0.7091502148084707,0.4920621669864728,0.24212517617942345,1,14,0,1,2
pseudo_negative,C17H26O_001,C17H26O,False,True,-0.6690863836922023,0.5121762967133342,0.26232455891498535,1,13,0,2,1
pseudo_negative,C17H28O2_001,C17H28O2,False,True,-0.7181841727581102,0.4876369169190523,0.23778976274231872,0,14,0,2,2
pseudo_negative,C17H28O2_002,C17H28O2,False,True,-0.741573516523901,0.47636375923761204,0.2269224311149896,1,13,2,2,0
pseudo_negative,C17H28O2_003,C17H28O2,False,True,-0.7374742471703685,0.4783205104820881,0.22879051074784537,1,14,1,1,1
pseudo_negative,C17H28O2_004,C17H28O2,False,True,-0.733374977816836,0.48028529944009396,0.23067396885826072,1,15,0,0,2
pseudo_negative,C17H28O_001,C17H28O,False,True,-0.6974104160541,0.4978729195969302,0.24787744406797133,1,13,1,2,0
pseudo_negative,C17H28O_002,C17H28O,False,True,-0.6933111467005675,0.4999180236505454,0.24991803037066726,1,14,0,1,1
pseudo_negative,C17H28_001,C17H28,False,True,-0.653247315584299,0.5203532788990548,0.2707675348609975,1,13,0,2,0
pseudo_negative,C17H30O2_001,C17H30O2,False,True,-0.7465082051200078,0.4740188429017036,0.22469386342586994,0,14,1,2,1
pseudo_negative,C17H30O2_002,C17H30O2,False,True,-0.7424089357664754,0.47596596197356045,0.2265435969574168,0,15,0,1,2
pseudo_negative,C17H30O2_003,C17H30O2,False,True,-0.7657982795322662,0.46496261264917566,0.21619023116154737,1,14,2,1,0
pseudo_negative,C17H30O2_004,C17H30O2,False,True,-0.7616990101787338,0.46687253159933295,0.21796996076197014,1,15,1,0,1
pseudo_negative,C17H30O_001,C17H30O,False,True,-0.7023451046502068,0.49542212370885147,0.24544308066018852,0,14,0,2,1
pseudo_negative,C17H30O_002,C17H30O,False,True,-0.7216351790624652,0.4859569792495327,0.23615418568133073,1,14,1,1,0
pseudo_negative,C17H30O_003,C17H30O,False,True,-0.7175359097089328,0.48795313639933385,0.23809826332194692,1,15,0,0,1
pseudo_negative,C17H30_001,C17H30,False,True,-0.6774720785926642,0.5078993004100185,0.25796169935698626,1,14,0,1,0
pseudo_negative,C17H32O2_001,C17H32O2,False,True,-0.7748322374819056,0.46078107630880843,0.21231920028430395,0,14,2,2,0
pseudo_negative,C17H32O2_002,C17H32O2,False,True,-0.7707329681283731,0.4626738188338512,0.2140670626342994,0,15,1,1,1
pseudo_negative,C17H32O2_003,C17H32O2,False,True,-0.7666336987748406,0.46457433614490473,0.21582931380447892,0,16,0,0,2
pseudo_negative,C17H32O2_004,C17H32O2,False,True,-0.7900230425406315,0.45383433766570563,0.20596560604446973,1,15,2,0,0
pseudo_negative,C17H32O_001,C17H32O,False,True,-0.7306691370121046,0.48158663481041925,0.2319256868280241,0,14,1,2,0
pseudo_negative,C17H32O_002,C17H32O,False,True,-0.7265698676585721,0.48356483997131655,0.23383495445648497,0,15,0,1,1
pseudo_negative,C17H32O_003,C17H32O,False,True,-0.7458599420708305,0.4743262314257166,0.2249853738185225,1,15,1,0,0
pseudo_negative,C17H32_001,C17H32,False,True,-0.6865060365423036,0.5033316226567235,0.2533427223662503,0,14,0,2,0
pseudo_negative,C17H32_002,C17H32,False,True,-0.7016968416010295,0.49574339168722553,0.24576151040155392,1,15,0,0,0
pseudo_negative,C17H34O2_001,C17H34O2,False,True,-0.7990570004902708,0.4497528809553626,0.20227765392764854,0,15,2,1,0
pseudo_negative,C17H34O2_002,C17H34O2,False,True,-0.7949577311367383,0.45160032315147874,0.20394285187052003,0,16,1,0,1
pseudo_negative,C17H34O_001,C17H34O,False,True,-0.7548939000204699,0.4700604854927365,0.22095686002166715,0,15,1,1,0
pseudo_negative,C17H34O_002,C17H34O,False,True,-0.7507946306669373,0.47199134488774797,0.22277582964894505,0,16,0,0,1
pseudo_negative,C17H34_001,C17H34,False,True,-0.7107307995506689,0.49128503535610885,0.24136098596485311,0,15,0,1,0
pseudo_negative,C17H36O2_001,C17H36O2,False,True,-0.823281763498636,0.4389886311044709,0.19271101823897724,0,16,2,0,0
pseudo_negative,C17H36O_001,C17H36O,False,True,-0.779118663028835,0.4588101995576533,0.21050679921813364,0,16,1,0,0
pseudo_negative,C17H36_001,C17H36,False,True,-0.734955562559034,0.4795267674438635,0.22994592069516118,0,16,0,0,0
pseudo_negative,C18H26O2_001,C18H26O2,False,True,-0.7308601744600451,0.4814946425160091,0.2318370907716194,1,14,0,2,2
pseudo_negative,C18H28O2_001,C18H28O2,False,True,-0.7591842068219429,0.4680481017533286,0.21906902555489427,1,14,1,2,1
pseudo_negative,C18H28O2_002,C18H28O2,False,True,-0.7550849374684104,0.4699706949141648,0.220872454078103,1,15,0,1,2
pseudo_negative,C18H28O_001,C18H28O,False,True,-0.7150211063521419,0.48918178684431635,0.23929882058019816,1,14,0,2,1
pseudo_negative,C18H30O2_001,C18H30O2,False,True,-0.7641188954180498,0.4657441195159962,0.21691758486373056,0,15,0,2,2
pseudo_negative,C18H30O2_002,C18H30O2,False,True,-0.7875082391838406,0.4549770780629412,0.20700414156269167,1,14,2,2,0
pseudo_negative,C18H30O2_003,C18H30O2,False,True,-0.7834089698303082,0.45684597960392437,0.20870824908026928,1,15,1,1,1
pseudo_negative,C18H30O2_004,C18H30O2,False,True,-0.7793097004767756,0.458722557999717,0.21042638521780374,1,16,0,0,2
pseudo_negative,C18H30O_001,C18H30O,False,True,-0.7433451387140396,0.47552056975830426,0.2261198122632623,1,14,1,2,0
pseudo_negative,C18H30O_002,C18H30O,False,True,-0.7392458693605072,0.4774738574478163,0.2279812845460976,1,15,0,1,1
pseudo_negative,C18H30_001,C18H30,False,True,-0.6991820382442386,0.4969916577467251,0.24700070786983794,1,14,0,2,0
pseudo_negative,C18H32O2_001,C18H32O2,False,True,-0.7924429277799475,0.4527374383713719,0.2049711881030718,0,15,1,2,1
pseudo_negative,C18H32O2_002,C18H32O2,False,True,-0.788343658426415,0.4545971401828025,0.2066585598623826,0,16,0,1,2
pseudo_negative,C18H32O2_003,C18H32O2,False,True,-0.8117330021922059,0.4440877938535883,0.19721396864974716,1,15,2,1,0
pseudo_negative,C18H32O2_004,C18H32O2,False,True,-0.8076337328386733,0.44591196566856933,0.19883748112640737,1,16,1,0,1
pseudo_negative,C18H32O_001,C18H32O,False,True,-0.7482798273101465,0.47317980405045246,0.22389912696122458,0,15,0,2,1
pseudo_negative,C18H32O_002,C18H32O,False,True,-0.7675699017224049,0.4641396038126413,0.21542557182735564,1,15,1,1,0
pseudo_negative,C18H32O_003,C18H32O,False,True,-0.7634706323688724,0.4660461421035149,0.2171990065695696,1,16,0,0,1
pseudo_negative,C18H32_001,C18H32,False,True,-0.7234068012526039,0.48509680925474713,0.23531891434913652,1,15,0,1,0
pseudo_negative,C18H34O2_001,C18H34O2,False,True,-0.8207669601418452,0.4400939904857606,0.19368272046168072,0,15,2,2,0
pseudo_negative,C18H34O2_002,C18H34O2,False,True,-0.8166676907883127,0.4419017570231388,0.1952771628601372,0,16,1,1,1
pseudo_negative,C18H34O2_003,C18H34O2,False,True,-0.8125684214347801,0.4437169492921205,0.19688473108910626,0,17,0,0,2
pseudo_negative,C18H34O2_004,C18H34O2,False,True,-0.8359577652005711,0.4334591304893491,0.18788681780458255,1,16,2,0,0
pseudo_negative,C18H34O_001,C18H34O,False,True,-0.7766038596720443,0.4599654690165376,0.21156823268760344,0,15,1,2,0
pseudo_negative,C18H34O_002,C18H34O,False,True,-0.7725045903185117,0.46185486128549313,0.2133099128930421,0,16,0,1,1
pseudo_negative,C18H34O_003,C18H34O,False,True,-0.7917946647307701,0.4530310264745252,0.20523711094856195,1,16,1,0,0
pseudo_negative,C18H34_001,C18H34,False,True,-0.7324407592022433,0.48073420056038874,0.23110537158843605,0,15,0,2,0
pseudo_negative,C18H34_002,C18H34,False,True,-0.7476315642609691,0.4734866484802424,0.22418960628905266,1,16,0,0,0
pseudo_negative,C18H36O2_001,C18H36O2,False,True,-0.8449917231502104,0.4295609136071828,0.18452257849903755,0,16,2,1,0
pseudo_negative,C18H36O2_002,C18H36O2,False,True,-0.8408924537966779,0.43132541360530263,0.18604161242178538,0,17,1,0,1
pseudo_negative,C18H36O_001,C18H36O,False,True,-0.8008286226804094,0.44895679416211687,0.20156220302432537,0,16,1,1,0
pseudo_negative,C18H36O_002,C18H36O,False,True,-0.7967293533268769,0.45080096628616484,0.20322151120453993,0,17,0,0,1
pseudo_negative,C18H36_001,C18H36,False,True,-0.7566655222106085,0.46922845314703465,0.2201753412427589,0,16,0,1,0
pseudo_negative,C18H38O2_001,C18H38O2,False,True,-0.8692164861585756,0.4192799322148614,0.17579566155809875,0,17,2,0,0
pseudo_negative,C18H38O_001,C18H38O,False,True,-0.8250533856887746,0.43821159761251205,0.19202940428211018,0,17,1,0,0
pseudo_negative,C18H38_001,C18H38,False,True,-0.7808902852189736,0.45799808082325316,0.20976224203778313,0,17,0,0,0
pseudo_negative,C20H30O2_001,C20H30O2,False,True,-0.8227296197799244,0.439231082847665,0.19292394413953234,1,16,0,2,2
pseudo_negative,C20H32O2_001,C20H32O2,False,True,-0.8510536521418222,0.42696482246128686,0.1822989596193982,1,16,1,2,1
pseudo_negative,C20H32O2_002,C20H32O2,False,True,-0.8469543827882896,0.42871865854032803,0.1837996881806184,1,17,0,1,2
pseudo_negative,C20H32O_001,C20H32O,False,True,-0.8068905516720212,0.446243482216608,0.19913324542080413,1,16,0,2,1
pseudo_negative,C20H34O2_001,C20H34O2,False,True,-0.855988340737929,0.4248630740229714,0.18050863166824888,0,17,0,2,2
pseudo_negative,C20H34O2_002,C20H34O2,False,True,-0.8793776845037199,0.4150411178496297,0.17225912950587022,1,16,2,2,0
pseudo_negative,C20H34O2_003,C20H34O2,False,True,-0.8752784151501873,0.4167459751317218,0.1736772077884897,1,17,1,1,1
pseudo_negative,C20H34O2_004,C20H34O2,False,True,-0.8711791457966549,0.4184578354268342,0.17510696003011145,1,18,0,0,2
pseudo_negative,C20H34O_001,C20H34O,False,True,-0.8352145840339189,0.433781388884995,0.18816629334299528,1,16,1,2,0
pseudo_negative,C20H34O_002,C20H34O,False,True,-0.8311153146803864,0.43556322525703495,0.18971532319631057,1,17,0,1,1
pseudo_negative,C20H34_001,C20H34,False,True,-0.7910514835641179,0.4533678357409598,0.2055423944844419,1,16,0,2,0
pseudo_negative,C20H36O2_001,C20H36O2,False,True,-0.8843123730998267,0.4129980642410242,0.17056740106683316,0,17,1,2,1
pseudo_negative,C20H36O2_002,C20H36O2,False,True,-0.8802131037462944,0.4146945293068452,0.17197155263702588,0,18,0,1,2
pseudo_negative,C20H36O2_003,C20H36O2,False,True,-0.9036024475120851,0.405107648871206,0.16411220717395633,1,17,2,1,0
pseudo_negative,C20H36O2_004,C20H36O2,False,True,-0.8995031781585526,0.40677170261312817,0.16546321804678318,1,18,1,0,1
pseudo_negative,C20H36O_001,C20H36O,False,True,-0.8401492726300257,0.43164608567335394,0.1863183432771284,0,17,0,2,1
pseudo_negative,C20H36O_002,C20H36O,False,True,-0.8594393470422841,0.42339939590986087,0.1792670484568351,1,17,1,1,0
pseudo_negative,C20H36O_003,C20H36O,False,True,-0.8553400776887516,0.4251385863474016,0.18074281760146704,1,18,0,0,1
pseudo_negative,C20H36_001,C20H36,False,True,-0.8152762465724831,0.44251706665214974,0.19582135427842312,1,17,0,1,0
pseudo_negative,C20H38O2_001,C20H38O2,False,True,-0.9126364054617244,0.4014644046416021,0.16117366819423604,0,17,2,2,0
pseudo_negative,C20H38O2_002,C20H38O2,False,True,-0.908537136108192,0.4031134930916817,0.16250048831257732,0,18,1,1,1
pseudo_negative,C20H38O2_003,C20H38O2,False,True,-0.9044378667546595,0.4047693554741069,0.16383823113092394,0,19,0,0,2
pseudo_negative,C20H38O2_004,C20H38O2,False,True,-0.9278272105204504,0.39541192454433993,0.15635059007185878,1,18,2,0,0
pseudo_negative,C20H38O_001,C20H38O,False,True,-0.8684733049919234,0.4195916489807063,0.17605715189434823,0,17,1,2,0
pseudo_negative,C20H38O_002,C20H38O,False,True,-0.864374035638391,0.4213151984014866,0.17750649640408403,0,18,0,1,1
pseudo_negative,C20H38O_003,C20H38O,False,True,-0.8836641100506494,0.4132658824243904,0.17078868957601007,1,18,1,0,0
pseudo_negative,C20H38_001,C20H38,False,True,-0.8243102045221224,0.43853738926498137,0.1923150417833458,0,17,0,2,0
pseudo_negative,C20H38_002,C20H38,False,True,-0.8395010095808484,0.4319259965991705,0.18656006653818666,1,18,0,0,0
pseudo_negative,C20H40O2_001,C20H40O2,False,True,-0.9368611684700897,0.39185587662367793,0.1535510280445111,0,18,2,1,0
pseudo_negative,C20H40O2_002,C20H40O2,False,True,-0.9327618991165572,0.3934654962879987,0.15481509676916114,0,19,1,0,1
pseudo_negative,C20H40O_001,C20H40O,False,True,-0.8926980680002887,0.4095492689621906,0.16773060370746476,0,18,1,1,0
pseudo_negative,C20H40O_002,C20H40O,False,True,-0.8885987986467562,0.4112315674707896,0.16911140208448258,0,19,0,0,1
pseudo_negative,C20H40_001,C20H40,False,True,-0.8485349675304877,0.42804156761070156,0.1832195836026268,0,18,0,1,0
pseudo_negative,C20H42O2_001,C20H42O2,False,True,-0.9610859314784549,0.3824773162183337,0.14628889742157922,0,19,2,0,0
pseudo_negative,C20H42O_001,C20H42O,False,True,-0.9169228310086539,0.3997472402392293,0.1597978560788801,0,19,1,0,0
pseudo_negative,C20H42_001,C20H42,False,True,-0.8727597305388529,0.41779694978737236,0.17455429125163213,0,19,0,0,0
pseudo_negative,C21H30O2_001,C21H30O2,False,True,-0.8444395794314987,0.4297981584580349,0.18472645701391804,1,16,0,3,2
pseudo_negative,C21H32O2_001,C21H32O2,False,True,-0.8727636117933965,0.4177953282142096,0.17455293627761914,1,16,1,3,1
pseudo_negative,C21H32O2_002,C21H32O2,False,True,-0.868664342439864,0.4195114989189832,0.17598989772525206,1,17,0,2,2
pseudo_negative,C21H32O_001,C21H32O,False,True,-0.8286005113235955,0.4366599595755784,0.19067192029654575,1,16,0,3,1
pseudo_negative,C21H34O2_001,C21H34O2,False,True,-0.8776983003895032,0.41573871691413156,0.17283868074140843,0,17,0,3,2
pseudo_negative,C21H34O2_002,C21H34O2,False,True,-0.9010876441552942,0.4061276970191168,0.1649397062860515,1,16,2,3,0
pseudo_negative,C21H34O2_003,C21H34O2,False,True,-0.8969883748017617,0.407795940795323,0.16629752932914257,1,17,1,2,1
pseudo_negative,C21H34O2_004,C21H34O2,False,True,-0.8928891054482293,0.40947103718787936,0.16766653029571768,1,18,0,1,2
pseudo_negative,C21H34O_001,C21H34O,False,True,-0.8569245436854932,0.4244655020938044,0.18017096246774547,1,16,1,3,0
pseudo_negative,C21H34O_002,C21H34O,False,True,-0.8528252743319608,0.4262090717574339,0.18165417284833343,1,17,0,2,1
pseudo_negative,C21H34_001,C21H34,False,True,-0.8127614432156922,0.44363131052168714,0.1968087396751896,1,16,0,3,0
pseudo_negative,C21H36O2_001,C21H36O2,False,True,-0.906022332751401,0.40412852001889926,0.16331986069266585,0,17,1,3,1
pseudo_negative,C21H36O2_002,C21H36O2,False,True,-0.9019230633978688,0.4057885518100262,0.16466434878007832,0,18,0,2,2
pseudo_negative,C21H36O2_003,C21H36O2,False,True,-0.9253124071636595,0.39640755916742637,0.15713895296507663,1,17,2,2,0
pseudo_negative,C21H36O2_004,C21H36O2,False,True,-0.921213137810127,0.39803587570007354,0.1584325583443244,1,18,1,1,1
pseudo_negative,C21H36O2_005,C21H36O2,False,True,-0.9171138684565945,0.39967088084061725,0.15973681299191486,1,19,0,0,2
pseudo_negative,C21H36O_001,C21H36O,False,True,-0.8618592322816,0.4223760566425335,0.17840153322489669,0,17,0,3,1
pseudo_negative,C21H36O_002,C21H36O,False,True,-0.8811493066938585,0.4143064727443617,0.17164985335787455,1,17,1,2,0
pseudo_negative,C21H36O_003,C21H36O,False,True,-0.877050037340326,0.4160083123373536,0.17306291593377313,1,18,0,1,1
pseudo_negative,C21H36_001,C21H36,False,True,-0.8369862062240575,0.43301357249188244,0.18750075396218271,1,17,0,2,0
pseudo_negative,C21H38O2_001,C21H38O2,False,True,-0.9343463651132987,0.3928425572314416,0.15432527477213848,0,17,2,3,0
pseudo_negative,C21H38O2_002,C21H38O2,False,True,-0.9302470957597664,0.3944562298667739,0.1555957172807092,0,18,1,2,1
pseudo_negative,C21H38O2_003,C21H38O2,False,True,-0.9261478264062339,0.3960765309575169,0.15687661837534084,0,19,0,1,2
pseudo_negative,C21H38O2_004,C21H38O2,False,True,-0.9495371701720248,0.3869200601644265,0.1497071329576434,1,18,2,1,0
pseudo_negative,C21H38O2_005,C21H38O2,False,True,-0.9454379008184922,0.3885094050601238,0.15093955782017138,1,19,1,0,1
pseudo_negative,C21H38O_001,C21H38O,False,True,-0.8901832646434977,0.41058050096792337,0.1685763477750709,0,17,1,3,0
pseudo_negative,C21H38O_002,C21H38O,False,True,-0.8860839952899654,0.4122670354505472,0.16996410851918275,0,18,0,2,1
pseudo_negative,C21H38O_003,C21H38O,False,True,-0.9053740697022238,0.4043905865403897,0.1635317464824804,1,18,1,1,0
pseudo_negative,C21H38O_004,C21H38O,False,True,-0.9012748003486912,0.4060516948176728,0.16487797886430447,1,19,0,0,1
pseudo_negative,C21H38_001,C21H38,False,True,-0.8460201641736967,0.4291193626350285,0.18414342738829306,0,17,0,3,0
pseudo_negative,C21H38_002,C21H38,False,True,-0.8612109692324228,0.422649956202802,0.17863298547823045,1,18,0,1,0
pseudo_negative,C21H40O2_001,C21H40O2,False,True,-0.9585711281216641,0.38344038190991836,0.14702652647922404,0,18,2,2,0
pseudo_negative,C21H40O2_002,C21H40O2,False,True,-0.9544718587681316,0.385015433390924,0.148236883949201,0,19,1,1,1
pseudo_negative,C21H40O2_003,C21H40O2,False,True,-0.9503725894145991,0.38659695468388694,0.14945720537085533,0,20,0,0,2
pseudo_negative,C21H40O2_004,C21H40O2,False,True,-0.97376193318039,0.37765963210205394,0.14262679771945874,1,19,2,0,0
pseudo_negative,C21H40O_001,C21H40O,False,True,-0.9144080276518631,0.40075379104905645,0.1606036010401908,0,18,1,2,0
pseudo_negative,C21H40O_002,C21H40O,False,True,-0.9103087582983306,0.4023999605238686,0.16192572822961102,0,19,0,1,1
pseudo_negative,C21H40O_003,C21H40O,False,True,-0.929598832710589,0.3947120241671529,0.1557975820221311,1,19,1,0,0
pseudo_negative,C21H40_001,C21H40,False,True,-0.8702449271820621,0.41884894919054555,0.1754344422380242,0,18,0,2,0
pseudo_negative,C21H40_002,C21H40,False,True,-0.885435732240788,0.4125343795813219,0.17018461433654616,1,19,0,0,0
pseudo_negative,C21H42O2_001,C21H42O2,False,True,-0.9827958911300293,0.3742632354177554,0.1400729693853662,0,19,2,1,0
pseudo_negative,C21H42O2_002,C21H42O2,False,True,-0.9786966217764969,0.3758005900914975,0.14122608351311774,0,20,1,0,1
pseudo_negative,C21H42O_001,C21H42O,False,True,-0.9386327906602283,0.39116227064260406,0.15300792197427782,0,19,1,1,0
pseudo_negative,C21H42O_002,C21H42O,False,True,-0.9345335213066959,0.3927690411935313,0.15426751972008587,0,20,0,0,1
pseudo_negative,C21H42_001,C21H42,False,True,-0.8944696901904273,0.40882434472488133,0.1671373448397286,0,19,0,1,0
pseudo_negative,C21H44O2_001,C21H44O2,False,True,-1.0070206541383946,0.3653057319827976,0.13344827781948754,0,20,2,0,0
pseudo_negative,C21H44O_001,C21H44O,False,True,-0.9628575536685936,0.3818003107936865,0.1457714773221556,0,20,1,0,0
pseudo_negative,C21H44_001,C21H44,False,True,-0.9186944531987926,0.3990396661200488,0.15923265513720003,0,20,0,0,0
pseudo_negative,C22H32O2_001,C22H32O2,False,True,-0.8903743020914383,0.4105020722084978,0.16851195128747076,1,17,0,3,2
pseudo_negative,C22H34O2_001,C22H34O2,False,True,-0.918698334453336,0.3990381173485372,0.15923141909706495,1,17,1,3,1
pseudo_negative,C22H34O2_002,C22H34O2,False,True,-0.9145990650998037,0.40067723937991245,0.16054225015710766,1,18,0,2,2
pseudo_negative,C22H34O_001,C22H34O,False,True,-0.874535233983535,0.41705580800843667,0.17393554699357,1,17,0,3,1
pseudo_negative,C22H36O2_001,C22H36O2,False,True,-0.9236330230494431,0.39707383903836874,0.15766763364866837,0,18,0,3,2
pseudo_negative,C22H36O2_002,C22H36O2,False,True,-0.9470223668152338,0.38789431254366447,0.15046199770372204,1,17,2,3,0
pseudo_negative,C22H36O2_003,C22H36O2,False,True,-0.9429230974617014,0.3894876593591521,0.1517006367930709,1,18,1,2,1
pseudo_negative,C22H36O2_004,C22H36O2,False,True,-0.9388238281081689,0.39108755113802884,0.15294947265514033,1,19,0,1,2
pseudo_negative,C22H36O_001,C22H36O,False,True,-0.9028592663454328,0.40540882914820636,0.16435631875131956,1,17,1,3,0
pseudo_negative,C22H36O_002,C22H36O,False,True,-0.8987599969919005,0.4070741200431873,0.1657093392089353,1,18,0,2,1
pseudo_negative,C22H36_001,C22H36,False,True,-0.8586961658756318,0.42371417532145,0.17953370236833646,1,17,0,3,0
pseudo_negative,C22H38O2_001,C22H38O2,False,True,-0.9519570554113407,0.3859848899806522,0.1489843352933762,0,18,1,3,1
pseudo_negative,C22H38O2_002,C22H38O2,False,True,-0.9478577860578083,0.38757039349382316,0.15021080991295693,0,19,0,2,2
pseudo_negative,C22H38O2_003,C22H38O2,False,True,-0.9712471298235992,0.3786105670185873,0.1433459614581362,1,18,2,2,0
pseudo_negative,C22H38O2_004,C22H38O2,False,True,-0.9671478604700666,0.3801657791517921,0.14452601963808917,1,19,1,1,1
pseudo_negative,C22H38O2_005,C22H38O2,False,True,-0.9630485911165342,0.3817273796032056,0.1457157923387298,1,20,0,0,2
pseudo_negative,C22H38O_001,C22H38O,False,True,-0.9077939549415397,0.40341319079882265,0.1627422025104873,0,18,0,3,1
pseudo_negative,C22H38O_002,C22H38O,False,True,-0.9270840293537982,0.3957058964633974,0.15658315649590096,1,18,1,2,0
pseudo_negative,C22H38O_003,C22H38O,False,True,-0.9229847600002656,0.39733133078818833,0.15787218642591275,1,19,0,1,1
pseudo_negative,C22H38_001,C22H38,False,True,-0.8829209288839972,0.4135731280004495,0.17104273220407618,1,18,0,2,0
pseudo_negative,C22H40O2_001,C22H40O2,False,True,-0.9802810877732384,0.3752056183156907,0.14077925601565977,0,18,2,3,0
pseudo_negative,C22H40O2_002,C22H40O2,False,True,-0.976181818419706,0.37674684399950137,0.1419381844635846,0,19,1,2,1
pseudo_negative,C22H40O2_003,C22H40O2,False,True,-0.9720825490661735,0.3782944005496224,0.14310665348719814,0,20,0,1,2
pseudo_negative,C22H40O2_004,C22H40O2,False,True,-0.9954718928319644,0.3695490158598292,0.1365664751229683,1,19,2,1,0
pseudo_negative,C22H40O2_005,C22H40O2,False,True,-0.9913726234784319,0.3710670060147392,0.13769072295274248,1,20,1,0,1
pseudo_negative,C22H40O_001,C22H40O,False,True,-0.9361179873034374,0.39214720477261467,0.15377943021097498,0,18,1,3,0
pseudo_negative,C22H40O_002,C22H40O,False,True,-0.932018717949905,0.3937580211205767,0.1550453791967925,0,19,0,2,1
pseudo_negative,C22H40O_003,C22H40O,False,True,-0.9513087923621634,0.38623519084400226,0.14917762264630285,1,19,1,1,0
pseudo_negative,C22H40O_004,C22H40O,False,True,-0.9472095230086309,0.38782172251373714,0.15040568845352212,1,20,0,0,1
pseudo_negative,C22H40_001,C22H40,False,True,-0.8919548868336364,0.4098537513944899,0.1679800975321363,0,18,0,3,0
pseudo_negative,C22H40_002,C22H40,False,True,-0.9071456918923624,0.4036747934484725,0.16295333886566696,1,19,0,1,0
pseudo_negative,C22H42O2_001,C22H42O2,False,True,-1.0045058507816036,0.3662255601725851,0.13412116092372375,0,19,2,2,0
pseudo_negative,C22H42O2_002,C22H42O2,False,True,-1.0004065814280712,0.3677298986255638,0.13522527834316744,0,20,1,1,1
pseudo_negative,C22H42O2_003,C22H42O2,False,True,-0.9963073120745387,0.36924041642380734,0.13633848512082666,0,21,0,0,2
pseudo_negative,C22H42O2_004,C22H42O2,False,True,-1.0196966558403295,0.36070434113441896,0.1301076217132153,1,20,2,0,0
pseudo_negative,C22H42O_001,C22H42O,False,True,-0.9603427503118027,0.38276167180719006,0.1465064974046351,0,19,1,2,0
pseudo_negative,C22H42O_002,C22H42O,False,True,-0.9562434809582703,0.3843339353623461,0.14771257387110803,0,20,0,1,1
pseudo_negative,C22H42O_003,C22H42O,False,True,-0.9755335553705287,0.3769911542374545,0.1421223303732882,1,20,1,0,0
pseudo_negative,C22H42_001,C22H42,False,True,-0.9161796498420017,0.4000444352807963,0.16003555019913124,0,19,0,2,0
pseudo_negative,C22H42_002,C22H42,False,True,-0.9313704549007277,0.3940133626512838,0.15524652994777208,1,20,0,0,0
pseudo_negative,C22H44O2_001,C22H44O2,False,True,-1.028730613789969,0.35746042803356104,0.12777795760993668,0,20,2,1,0
pseudo_negative,C22H44O2_002,C22H44O2,False,True,-1.0246313444364363,0.35892876210356894,0.12882985626520038,0,21,1,0,1
pseudo_negative,C22H44O_001,C22H44O,False,True,-0.984567513320168,0.3736007693579925,0.13957753486488392,0,20,1,1,0
pseudo_negative,C22H44O_002,C22H44O,False,True,-0.9804682439666355,0.3751354028312619,0.14072657045737313,0,21,0,0,1
pseudo_negative,C22H44_001,C22H44,False,True,-0.940404412850367,0.3904698923814285,0.15246673685636433,0,20,0,1,0
pseudo_negative,C22H46O2_001,C22H46O2,False,True,-1.0529553767983342,0.3489050779244378,0.12173475340145802,0,21,2,0,0
pseudo_negative,C22H46O_001,C22H46O,False,True,-1.008792276328533,0.3646591211859736,0.1329762746641266,0,21,1,0,0
pseudo_negative,C22H46_001,C22H46,False,True,-0.9646291758587322,0.3811245037050597,0.14525588732442804,0,21,0,0,0
pseudo_negative,C23H34O2_001,C23H34O2,False,True,-0.936309024751378,0.39207229712670844,0.15372068617421394,1,18,0,3,2
pseudo_negative,C23H36O2_001,C23H36O2,False,True,-0.9646330571132757,0.38112302446671864,0.145254759778659,1,18,1,3,1
pseudo_negative,C23H36O2_002,C23H36O2,False,True,-0.9605337877597433,0.38268855697829607,0.14645053164213057,1,19,0,2,2
pseudo_negative,C23H36O_001,C23H36O,False,True,-0.9204699566434748,0.39833179841501976,0.15866822162854394,1,18,0,3,1
pseudo_negative,C23H38O2_001,C23H38O2,False,True,-0.9695677457093826,0.3792469337928749,0.14382823679129722,0,19,0,3,2
pseudo_negative,C23H38O2_002,C23H38O2,False,True,-0.9929570894751735,0.3704795285031734,0.13725508103993367,1,18,2,3,0
pseudo_negative,C23H38O2_003,C23H38O2,False,True,-0.988857820121641,0.37200134090891074,0.1383849976380276,1,19,1,2,1
pseudo_negative,C23H38O2_004,C23H38O2,False,True,-0.9847585507681086,0.37352940443736893,0.13952421597933554,1,20,0,1,2
pseudo_negative,C23H38O_001,C23H38O,False,True,-0.9487939890053725,0.38720771874412013,0.14992981745502565,1,18,1,3,0
pseudo_negative,C23H38O_002,C23H38O,False,True,-0.94469471965184,0.3887982452500321,0.15116407550950411,1,19,0,2,1
pseudo_negative,C23H38_001,C23H38,False,True,-0.9046308885355715,0.4046912337120981,0.16377499464342,1,18,0,3,0
pseudo_negative,C23H40O2_001,C23H40O2,False,True,-0.9978917780712803,0.3686558307896926,0.13590712157523846,0,19,1,3,1
pseudo_negative,C23H40O2_002,C23H40O2,False,True,-0.9937925087177479,0.3701701520236075,0.13702594144918068,0,20,0,2,2
pseudo_negative,C23H40O2_003,C23H40O2,False,True,-1.0171818524835388,0.36161258316870976,0.13076366030594702,1,19,2,2,0
pseudo_negative,C23H40O2_004,C23H40O2,False,True,-1.0130825831300063,0.36309797297515933,0.13184013797866953,1,20,1,1,1
pseudo_negative,C23H40O2_005,C23H40O2,False,True,-1.0089833137764739,0.36458946429184336,0.13292547747261332,1,21,0,0,2
pseudo_negative,C23H40O_001,C23H40O,False,True,-0.9537286776014793,0.38530167596175974,0.1484573814989409,0,19,0,3,1
pseudo_negative,C23H40O_002,C23H40O,False,True,-0.9730187520137378,0.37794040594803113,0.14283895044816255,1,19,1,2,0
pseudo_negative,C23H40O_003,C23H40O,False,True,-0.9689194826602053,0.37949286527209924,0.14401483479242766,1,20,0,1,1
pseudo_negative,C23H40_001,C23H40,False,True,-0.9288556515439368,0.3950054757400997,0.1560293258646625,1,19,0,2,0
pseudo_negative,C23H42O2_001,C23H42O2,False,True,-1.026215810433178,0.3583605019980568,0.12842224939229926,0,19,2,3,0
pseudo_negative,C23H42O2_002,C23H42O2,False,True,-1.0221165410796456,0.35983253328645287,0.12947945201134622,0,20,1,2,1
pseudo_negative,C23H42O2_003,C23H42O2,False,True,-1.0180172717261131,0.3613106112125279,0.13054535777477047,0,21,0,1,2
pseudo_negative,C23H42O2_004,C23H42O2,False,True,-1.041406615491904,0.3529578566304696,0.12457924855717512,1,20,2,1,0
pseudo_negative,C23H42O2_005,C23H42O2,False,True,-1.0373073461383715,0.35440769556514123,0.12560481467579382,1,21,1,0,1
pseudo_negative,C23H42O_001,C23H42O,False,True,-0.982052709963377,0.37454148418750405,0.14028132337737834,0,19,1,3,0
pseudo_negative,C23H42O_002,C23H42O,False,True,-0.9779534406098447,0.37607998181894586,0.14143615272493865,0,20,0,2,1
pseudo_negative,C23H42O_003,C23H42O,False,True,-0.9972435150221031,0.36889489422228006,0.1360834429832672,1,20,1,1,0
pseudo_negative,C23H42O_004,C23H42O,False,True,-0.9931442456685705,0.3704101974529573,0.1372037143771388,1,21,0,0,1
pseudo_negative,C23H42_001,C23H42,False,True,-0.937889609493576,0.3914530831250455,0.15323551628810378,0,19,0,3,0
pseudo_negative,C23H42_002,C23H42,False,True,-0.9530804145523021,0.38555153377911694,0.14864998519942954,1,20,0,1,0
pseudo_negative,C23H44O2_001,C23H44O2,False,True,-1.0504405734415434,0.34978360979004236,0.12234857367775262,0,20,2,2,0
pseudo_negative,C23H44O2_002,C23H44O2,False,True,-1.0463413040880107,0.35122040992540404,0.12335577634816886,0,21,1,1,1
pseudo_negative,C23H44O2_003,C23H44O2,False,True,-1.0422420347344783,0.35266311198004147,0.12437127055144727,0,22,0,0,2
pseudo_negative,C23H44O2_004,C23H44O2,False,True,-1.0656313785002691,0.34451026970776866,0.1186873259341195,1,21,2,0,0
pseudo_negative,C23H44O_001,C23H44O,False,True,-1.0062774729717423,0.36557732123038394,0.13364677779798334,0,20,1,2,0
pseudo_negative,C23H44O_002,C23H44O,False,True,-1.0021782036182099,0.3670789969233767,0.1347469899822724,0,21,0,1,1
pseudo_negative,C23H44O_003,C23H44O,False,True,-1.0214682780304682,0.36006587504692317,0.12964743437330647,1,21,1,0,0
pseudo_negative,C23H44_001,C23H44,False,True,-0.9621143725019414,0.382084163057854,0.14598830765962076,0,20,0,2,0
pseudo_negative,C23H44_002,C23H44,False,True,-0.9773051775606673,0.37632385961463544,0.14161964731525584,1,21,0,0,0
pseudo_negative,C23H46O2_001,C23H46O2,False,True,-1.0746653364499086,0.3414119943341749,0.11656214987523868,0,21,2,1,0
pseudo_negative,C23H46O2_002,C23H46O2,False,True,-1.070566067096376,0.3428144065282966,0.1175217173233482,0,22,1,0,1
pseudo_negative,C23H46O_001,C23H46O,False,True,-1.0305022359801075,0.35682770384675655,0.1273260102325486,0,21,1,1,0
pseudo_negative,C23H46O_002,C23H46O,False,True,-1.026402966626575,0.3582934388864731,0.1283741883490948,0,22,0,0,1
pseudo_negative,C23H46_001,C23H46,False,True,-0.9863391355103066,0.3729394758987921,0.13908385268366574,0,21,0,1,0
pseudo_negative,C23H48O2_001,C23H48O2,False,True,-1.0988900994582738,0.33324074259856007,0.11104939252763976,0,22,2,0,0
pseudo_negative,C23H48O_001,C23H48O,False,True,-1.0547269989884727,0.348287497167552,0.12130418068323752,0,22,1,0,0
pseudo_negative,C23H48_001,C23H48,False,True,-1.0105638985186718,0.36401365492504356,0.1325059409718887,0,22,0,0,0
pseudo_negative,C24H36O2_001,C24H36O2,False,True,-0.9822437474113176,0.37446993957228497,0.14022773564327076,1,19,0,3,2
pseudo_negative,C24H38O2_001,C24H38O2,False,True,-1.0105677797732153,0.36401224209813327,0.13250491239731,1,19,1,3,1
pseudo_negative,C24H38O2_002,C24H38O2,False,True,-1.0064685104196829,0.3655074889424146,0.1335957244729893,1,20,0,2,2
pseudo_negative,C24H38O_001,C24H38O,False,True,-0.9664046793034143,0.38044841621132447,0.14474099739770518,1,19,0,3,1
pseudo_negative,C24H40O2_001,C24H40O2,False,True,-1.0155024683693223,0.3622203798155518,0.1312036035537226,0,20,0,3,2
pseudo_negative,C24H40O2_002,C24H40O2,False,True,-1.0388918121351132,0.3538465932636822,0.12520741156431373,1,19,2,3,0
pseudo_negative,C24H40O2_003,C24H40O2,False,True,-1.0347925427815807,0.3553000828465808,0.1262381488707872,1,20,1,2,1
pseudo_negative,C24H40O2_004,C24H40O2,False,True,-1.0306932734280483,0.3567595429037127,0.12727737145286602,1,21,0,1,2
pseudo_negative,C24H40O_001,C24H40O,False,True,-0.9947287116653121,0.36982375980818966,0.13676961331866555,1,19,1,3,0
pseudo_negative,C24H40O_002,C24H40O,False,True,-0.9906294423117797,0.3713428785241046,0.1378955334305679,1,20,0,2,1
pseudo_negative,C24H40_001,C24H40,False,True,-0.9505656111955111,0.3865223402525356,0.14939951951429692,1,19,0,3,0
pseudo_negative,C24H42O2_001,C24H42O2,False,True,-1.04382650073122,0.35210477172319077,0.12397777027024028,0,20,1,3,1
pseudo_negative,C24H42O2_002,C24H42O2,False,True,-1.0397272313776875,0.35355110645561866,0.1249983848759922,0,21,0,2,2
pseudo_negative,C24H42O2_003,C24H42O2,False,True,-1.0631165751434783,0.3453777355863588,0.11928578023876078,1,20,2,2,0
pseudo_negative,C24H42O2_004,C24H42O2,False,True,-1.059017305789946,0.346796437787812,0.12026776926231575,1,21,1,1,1
pseudo_negative,C24H42O2_005,C24H42O2,False,True,-1.0549180364364135,0.3482209675679682,0.12125784225397197,1,22,0,0,2
pseudo_negative,C24H42O_001,C24H42O,False,True,-0.999663400261419,0.36800329013776545,0.13542642155222037,0,20,0,3,1
pseudo_negative,C24H42O_002,C24H42O,False,True,-1.0189534746736775,0.3609725094439554,0.1303011525742665,1,20,1,2,0
pseudo_negative,C24H42O_003,C24H42O,False,True,-1.0148542053201448,0.3624552700305428,0.13137382277291368,1,21,0,1,1
pseudo_negative,C24H42_001,C24H42,False,True,-0.9747903742038765,0.3772714310986204,0.14233373272320107,1,20,0,2,0
pseudo_negative,C24H44O2_001,C24H44O2,False,True,-1.0721505330931178,0.3422716588541253,0.11714988845475473,0,20,2,3,0
pseudo_negative,C24H44O2_002,C24H44O2,False,True,-1.0680512637395851,0.34367760227745286,0.11811429430717907,0,21,1,2,1
pseudo_negative,C24H44O2_003,C24H44O2,False,True,-1.0639519943860527,0.3450893208704693,0.1190866393788417,0,22,0,1,2
pseudo_negative,C24H44O2_004,C24H44O2,False,True,-1.0873413381518435,0.33711156899529754,0.11364420995047125,1,21,2,1,0
pseudo_negative,C24H44O2_005,C24H44O2,False,True,-1.083242068798311,0.33849631640600425,0.11457975622043375,1,22,1,0,1
pseudo_negative,C24H44O_001,C24H44O,False,True,-1.0279874326233167,0.3577261846319166,0.12796802317130807,0,20,1,3,0
pseudo_negative,C24H44O_002,C24H44O,False,True,-1.0238881632697843,0.35919561034574593,0.12902148649165293,0,21,0,2,1
pseudo_negative,C24H44O_003,C24H44O,False,True,-1.0431782376820427,0.3523331022372593,0.12413861493213099,1,21,1,1,0
pseudo_negative,C24H44O_004,C24H44O,False,True,-1.0390789683285102,0.35378037487902414,0.12516055364954284,1,22,0,0,1
pseudo_negative,C24H44_001,C24H44,False,True,-0.9838243321535157,0.37387852561245066,0.13978515191413993,0,20,0,3,0
pseudo_negative,C24H44_002,C24H44,False,True,-0.9990151372122417,0.36824193041521713,0.1356021193159256,1,21,0,1,0
pseudo_negative,C24H46O2_001,C24H46O2,False,True,-1.096375296101483,0.33407983216708154,0.11160933426078537,0,21,2,2,0
pseudo_negative,C24H46O2_002,C24H46O2,False,True,-1.0922760267479503,0.33545212616441145,0.11252812894822421,0,22,1,1,1
pseudo_negative,C24H46O2_003,C24H46O2,False,True,-1.0881767573944179,0.3368300571102602,0.11345448737290115,0,23,0,0,2
pseudo_negative,C24H46O2_004,C24H46O2,False,True,-1.1115661011602087,0.32904324234315174,0.10826945533169409,1,22,2,0,0
pseudo_negative,C24H46O_001,C24H46O,False,True,-1.052212195631682,0.3491644739844948,0.12191582989286895,0,21,1,2,0
pseudo_negative,C24H46O_002,C24H46O,False,True,-1.0481129262781494,0.35059873090632576,0.12291947011312622,0,22,0,1,1
pseudo_negative,C24H46O_003,C24H46O,False,True,-1.0674030006904076,0.34390046799784013,0.11826753188913347,1,22,1,0,0
pseudo_negative,C24H46_001,C24H46,False,True,-1.008049095161881,0.3649302297059818,0.13317407255326066,0,21,0,2,0
pseudo_negative,C24H46_002,C24H46,False,True,-1.0232399002206067,0.35942853907874794,0.12918887470428303,1,22,0,0,0
pseudo_negative,C24H48O2_001,C24H48O2,False,True,-1.1206000591098482,0.32608406619010416,0.10633081822307223,0,22,2,1,0
pseudo_negative,C24H48O2_002,C24H48O2,False,True,-1.1165007897563155,0.32742351611665294,0.10720615890619209,0,23,1,0,1
pseudo_negative,C24H48O_001,C24H48O,False,True,-1.076436958640047,0.34080767673832596,0.11614987252377529,0,22,1,1,0
pseudo_negative,C24H48O_002,C24H48O,False,True,-1.0723376892865146,0.3422076065874227,0.11710604600629228,0,23,0,0,1
pseudo_negative,C24H48_001,C24H48,False,True,-1.0322738581702462,0.35619609961579934,0.12687566138150844,0,22,0,1,0
pseudo_negative,C24H50O2_001,C24H50O2,False,True,-1.1448248221182133,0.31827966846527145,0.1013019473583631,0,23,2,0,0
pseudo_negative,C24H50O_001,C24H50O,False,True,-1.1006617216484123,0.3326508885578465,0.11065661365832483,0,23,1,0,0
pseudo_negative,C24H50_001,C24H50,False,True,-1.0564986211786114,0.34767100956182784,0.12087513088974058,0,23,0,0,0
pseudo_negative,C25H38O2_001,C25H38O2,False,True,-1.0281784700712573,0.35765785206179074,0.12791913914145378,1,20,0,3,2
pseudo_negative,C25H40O2_001,C25H40O2,False,True,-1.0565025024331551,0.3476696601647609,0.12087419259908035,1,20,1,3,1
pseudo_negative,C25H40O2_002,C25H40O2,False,True,-1.0524032330796227,0.34909777686549975,0.12186925781243425,1,21,0,2,2
pseudo_negative,C25H40O_001,C25H40O,False,True,-1.012339401963354,0.36336792084798686,0.13203624590138885,1,20,0,3,1
pseudo_negative,C25H42O2_001,C25H42O2,False,True,-1.061437191029262,0.3459582447814311,0.1196871071322486,0,21,0,3,2
pseudo_negative,C25H42O2_002,C25H42O2,False,True,-1.0848265347950528,0.3379604051813116,0.1142172354703163,1,20,2,3,0
pseudo_negative,C25H42O2_003,C25H42O2,False,True,-1.0807272654415203,0.3393486393418626,0.11515749902317354,1,21,1,2,1
pseudo_negative,C25H42O2_004,C25H42O2,False,True,-1.0766279960879879,0.3407425759280675,0.11610550305009484,1,22,0,1,2
pseudo_negative,C25H42O_001,C25H42O,False,True,-1.0406634343252519,0.35322026575882254,0.12476455614273323,1,20,1,3,0
pseudo_negative,C25H42O_002,C25H42O,False,True,-1.0365641649717192,0.35467118258697067,0.1257916477576403,1,21,0,2,1
pseudo_negative,C25H42_001,C25H42,False,True,-0.9965003338554508,0.36916915185907234,0.1362858626843468,1,20,0,3,0
pseudo_negative,C25H44O2_001,C25H44O2,False,True,-1.0897612233911596,0.33629678392626855,0.11309552687915135,0,21,1,3,1
pseudo_negative,C25H44O2_002,C25H44O2,False,True,-1.085661954037627,0.3376781844583203,0.11402655625906741,0,22,0,2,2
pseudo_negative,C25H44O2_003,C25H44O2,False,True,-1.109051297803418,0.3298717627398165,0.10881537985307378,1,21,2,2,0
pseudo_negative,C25H44O2_004,C25H44O2,False,True,-1.1049520284498855,0.3312267713225258,0.1097111740407448,1,22,1,1,1
pseudo_negative,C25H44O2_005,C25H44O2,False,True,-1.100852759096353,0.3325873458507527,0.11061434262004821,1,23,0,0,2
pseudo_negative,C25H44O_001,C25H44O,False,True,-1.0455981229213587,0.3514815273361571,0.12353926405855777,0,21,0,3,1
pseudo_negative,C25H44O_002,C25H44O,False,True,-1.064888197333617,0.34476639841516077,0.11886386947616137,1,21,1,2,0
pseudo_negative,C25H44O_003,C25H44O,False,True,-1.0607889279800846,0.3461825894373999,0.11984238522958336,1,22,0,1,1
pseudo_negative,C25H44_001,C25H44,False,True,-1.020725096863816,0.360333568684126,0.12984028072063777,1,21,0,2,0
pseudo_negative,C25H46O2_001,C25H46O2,False,True,-1.1180852557530574,0.326905135475533,0.1068669676002766,0,21,2,3,0
pseudo_negative,C25H46O2_002,C25H46O2,False,True,-1.1139859863995247,0.3282479580943047,0.1077467219930804,0,22,1,2,1
pseudo_negative,C25H46O2_003,C25H46O2,False,True,-1.1098867170459923,0.3295962966025189,0.1086337187340956,0,23,0,1,2
pseudo_negative,C25H46O2_004,C25H46O2,False,True,-1.1332760608117831,0.3219767114277653,0.10366900270183844,1,22,2,1,0
pseudo_negative,C25H46O2_005,C25H46O2,False,True,-1.1291767914582507,0.32329928964359533,0.10452243068405336,1,23,1,0,1
pseudo_negative,C25H46O_001,C25H46O,False,True,-1.0739221552832563,0.3416658196058313,0.11673553228692446,0,21,1,3,0
pseudo_negative,C25H46O_002,C25H46O,False,True,-1.0698228859297239,0.34306927443366836,0.11769652706044366,0,22,0,2,1
pseudo_negative,C25H46O_003,C25H46O,False,True,-1.089112960341982,0.33651486338363495,0.1132422532781065,1,22,1,1,0
pseudo_negative,C25H46O_004,C25H46O,False,True,-1.0850136909884498,0.33789715971693374,0.11417449054477102,1,23,0,0,1
pseudo_negative,C25H46_001,C25H46,False,True,-1.0297590548134554,0.35709299004163686,0.12751540353687657,0,21,0,3,0
pseudo_negative,C25H46_002,C25H46,False,True,-1.0449498598721811,0.35170945369293305,0.12369953981698141,1,22,0,1,0
pseudo_negative,C25H48O2_001,C25H48O2,False,True,-1.1423100187614226,0.3190810865259778,0.10181273977859852,0,22,2,2,0
pseudo_negative,C25H48O2_002,C25H48O2,False,True,-1.13821074940789,0.320391770433057,0.1026508865612287,0,23,1,1,1
pseudo_negative,C25H48O2_003,C25H48O2,False,True,-1.1341114800543575,0.32170783821394383,0.10349593316828906,0,24,0,0,2
pseudo_negative,C25H48O2_004,C25H48O2,False,True,-1.1575008238201483,0.31427061789343413,0.09876602127112089,1,23,2,0,0
pseudo_negative,C25H48O_001,C25H48O,False,True,-1.0981469182916215,0.3334884928926938,0.11121457489184026,0,22,1,2,0
pseudo_negative,C25H48O_002,C25H48O,False,True,-1.094047648938089,0.33485835785582735,0.11213011982590133,0,23,0,1,1
pseudo_negative,C25H48O_003,C25H48O,False,True,-1.1133377233503472,0.3284608181036901,0.10788650902934539,1,23,1,0,0
pseudo_negative,C25H48_001,C25H48,False,True,-1.0539838178218206,0.34854643408262864,0.12148461671171619,0,22,0,2,0
pseudo_negative,C25H48_002,C25H48,False,True,-1.0691746228805463,0.34329174566974174,0.11784922264497864,1,23,0,0,0
pseudo_negative,C25H50O2_001,C25H50O2,False,True,-1.1665347817697878,0.3114442960050061,0.09699754951405387,0,23,2,1,0
pseudo_negative,C25H50O2_002,C25H50O2,False,True,-1.162435512416255,0.31272361039862856,0.09779605650075322,0,24,1,0,1
pseudo_negative,C25H50O_001,C25H50O,False,True,-1.1223716812999867,0.32550687985161897,0.10595472883073631,0,23,1,1,0
pseudo_negative,C25H50O_002,C25H50O,False,True,-1.1182724119464542,0.3268439588797435,0.10682697345618346,0,24,0,0,1
pseudo_negative,C25H50_001,C25H50,False,True,-1.0782085808301858,0.34020442881713014,0.11573905338678978,0,23,0,1,0
pseudo_negative,C25H52O2_001,C25H52O2,False,True,-1.190759544778153,0.3039902821258472,0.09241009162695218,0,24,2,0,0
pseudo_negative,C25H52O_001,C25H52O,False,True,-1.1465964443083518,0.3177162963305881,0.10094364495402608,0,24,1,0,0
pseudo_negative,C25H52_001,C25H52,False,True,-1.102433343838551,0.33206207859051545,0.11026522403785366,0,24,0,0,0
pseudo_negative,C26H42O2_001,C26H42O2,False,True,-1.0983379557395623,0.3334247901870888,0.1111720907113042,1,22,0,2,2
pseudo_negative,C26H44O2_001,C26H44O2,False,True,-1.12666198810146,0.32411334695043886,0.10504946167141556,1,22,1,2,1
pseudo_negative,C26H44O2_002,C26H44O2,False,True,-1.1225627187479275,0.3254447017873634,0.10591425392146589,1,23,0,1,2
pseudo_negative,C26H44O_001,C26H44O,False,True,-1.082498887631659,0.3387479739953458,0.11475018988595147,1,22,0,2,1
pseudo_negative,C26H46O2_001,C26H46O2,False,True,-1.1315966766975667,0.32251788829681166,0.10401778827143468,0,23,0,2,2
pseudo_negative,C26H46O2_002,C26H46O2,False,True,-1.1549860204633575,0.3150619412925806,0.0992640268510495,1,22,2,2,0
pseudo_negative,C26H46O2_003,C26H46O2,False,True,-1.150886751109825,0.3163561158257103,0.10008119202033025,1,23,1,1,1
pseudo_negative,C26H46O2_004,C26H46O2,False,True,-1.1467874817562926,0.31765560641737556,0.10090508428839061,1,24,0,0,2
pseudo_negative,C26H46O_001,C26H46O,False,True,-1.1108229199935564,0.32928787197468345,0.10843050262961552,1,22,1,2,0
pseudo_negative,C26H46O_002,C26H46O,False,True,-1.1067236506400242,0.3306404821193101,0.10932312841608981,1,23,0,1,1
pseudo_negative,C26H46_001,C26H46,False,True,-1.0666598195237555,0.34415614334364203,0.11844345100116949,1,22,0,2,0
pseudo_negative,C26H48O2_001,C26H48O2,False,True,-1.1599207090594643,0.3135110384822106,0.09828917125019415,0,23,1,2,1
pseudo_negative,C26H48O2_002,C26H48O2,False,True,-1.1558214397059319,0.3147988423984633,0.09909831117541253,0,24,0,1,2
pseudo_negative,C26H48O2_003,C26H48O2,False,True,-1.1792107834717227,0.3075213437818402,0.09456937688138875,1,23,2,1,0
pseudo_negative,C26H48O2_004,C26H48O2,False,True,-1.1751115141181903,0.3087845439318917,0.09534789457122636,1,24,1,0,1
pseudo_negative,C26H48O_001,C26H48O,False,True,-1.1157576085896634,0.3276669415507449,0.10736562458521927,0,23,0,2,1
pseudo_negative,C26H48O_002,C26H48O,False,True,-1.1350476830019216,0.32140679532816,0.10330232808311775,1,23,1,1,0
pseudo_negative,C26H48O_003,C26H48O,False,True,-1.1309484136483894,0.3227270325094013,0.10415273751232418,1,24,0,0,1
pseudo_negative,C26H48_001,C26H48,False,True,-1.0908845825321207,0.33591921397300406,0.11284171831624089,1,23,0,1,0
pseudo_negative,C26H50O2_001,C26H50O2,False,True,-1.1882447414213622,0.30475571996719475,0.09287604885272323,0,23,2,2,0
pseudo_negative,C26H50O2_002,C26H50O2,False,True,-1.1841454720678295,0.30600755981173167,0.09364062666193053,0,24,1,1,1
pseudo_negative,C26H50O2_003,C26H50O2,False,True,-1.1800462027142973,0.30726454181732954,0.09441149865821345,0,25,0,0,2
pseudo_negative,C26H50O2_004,C26H50O2,False,True,-1.2034355464800879,0.3001612206584083,0.09009675838714566,1,24,2,0,0
pseudo_negative,C26H50O_001,C26H50O,False,True,-1.144081640951561,0.3185162958382156,0.10145263071449769,0,23,1,2,0
pseudo_negative,C26H50O_002,C26H50O,False,True,-1.1399823715980286,0.31982465976427243,0.10228781299333262,0,24,0,1,1
pseudo_negative,C26H50O_003,C26H50O,False,True,-1.1592724460102868,0.31371434199392534,0.09841668837268154,1,24,1,0,0
pseudo_negative,C26H50_001,C26H50,False,True,-1.0999185404817602,0.33289820032063205,0.11082121177671567,0,23,0,2,0
pseudo_negative,C26H50_002,C26H50,False,True,-1.115109345540486,0.3278794247864631,0.10750491719830191,1,24,0,0,0
pseudo_negative,C26H52O2_001,C26H52O2,False,True,-1.2124695044297273,0.29746178845029836,0.08848351558805005,0,24,2,1,0
pseudo_negative,C26H52O2_002,C26H52O2,False,True,-1.208370235076195,0.29868366713742966,0.08921193301466288,0,25,1,0,1
pseudo_negative,C26H52O_001,C26H52O,False,True,-1.1683064039599262,0.31089302284727865,0.09665447165511853,0,24,1,1,0
pseudo_negative,C26H52O_002,C26H52O,False,True,-1.164207134606394,0.312170072785605,0.09745015434296991,0,25,0,0,1
pseudo_negative,C26H52_001,C26H52,False,True,-1.1241433034901254,0.32493071516400196,0.10557996965698978,0,24,0,1,0
pseudo_negative,C26H54O2_001,C26H54O2,False,True,-1.2366942674380927,0.29034242769118423,0.08429872531761054,0,25,2,0,0
pseudo_negative,C26H54O_001,C26H54O,False,True,-1.1925311669682916,0.3034522029736662,0.09208323948957112,0,25,1,0,0
pseudo_negative,C26H54_001,C26H54,False,True,-1.1483680664984908,0.317153921394889,0.10058660985615545,0,25,0,0,0
pseudo_negative,C28H46O2_001,C28H46O2,False,True,-1.1902074010594414,0.30415817479684887,0.09251219529575047,1,24,0,2,2
pseudo_negative,C28H48O2_001,C28H48O2,False,True,-1.218531433421339,0.29566405059572165,0.08741723081466946,1,24,1,2,1
pseudo_negative,C28H48O2_002,C28H48O2,False,True,-1.2144321640678069,0.2968785447458977,0.08813687033044199,1,25,0,1,2
pseudo_negative,C28H48O_001,C28H48O,False,True,-1.1743683329515382,0.3090141120842926,0.09548972146724374,1,24,0,2,1
pseudo_negative,C28H50O2_001,C28H50O2,False,True,-1.223466122017446,0.2942086345428876,0.08655872063959039,0,25,0,2,2
pseudo_negative,C28H50O2_002,C28H50O2,False,True,-1.2468554657832367,0.2874071389764768,0.08260286353464384,1,24,2,2,0
pseudo_negative,C28H50O2_003,C28H50O2,False,True,-1.2427561964297045,0.28858771635239544,0.08328287002949064,1,25,1,1,1
pseudo_negative,C28H50O2_004,C28H50O2,False,True,-1.238656927076172,0.289773143165755,0.08396847450016114,1,26,0,0,2
pseudo_negative,C28H50O_001,C28H50O,False,True,-1.2026923653134356,0.300384377737359,0.09023077438866037,1,24,1,2,0
pseudo_negative,C28H50O_002,C28H50O,False,True,-1.1985930959599036,0.301618261494384,0.0909735756668946,1,25,0,1,1
pseudo_negative,C28H50_001,C28H50,False,True,-1.1585292648436347,0.31394757524114736,0.09856307999979588,1,24,0,2,0
pseudo_negative,C28H52O2_001,C28H52O2,False,True,-1.2517901543793437,0.2859923678437582,0.0817916344648795,0,25,1,2,1
pseudo_negative,C28H52O2_002,C28H52O2,False,True,-1.2476908850258113,0.28716713378855746,0.08246496272833526,0,26,0,1,2
pseudo_negative,C28H52O2_003,C28H52O2,False,True,-1.271080228791602,0.280528423166361,0.07869619620420491,1,25,2,1,0
pseudo_negative,C28H52O2_004,C28H52O2,False,True,-1.2669809594380697,0.2816807449593122,0.0793440420808331,1,26,1,0,1
pseudo_negative,C28H52O_001,C28H52O,False,True,-1.2076270539095428,0.29890572571828977,0.08934463286717748,0,25,0,2,1
pseudo_negative,C28H52O_002,C28H52O,False,True,-1.226917128321801,0.2931950686074181,0.08596334825570862,1,25,1,1,0
pseudo_negative,C28H52O_003,C28H52O,False,True,-1.2228178589682688,0.29439942096262234,0.08667101906312731,1,26,0,0,1
pseudo_negative,C28H52_001,C28H52,False,True,-1.1827540278520001,0.3064336486314971,0.09390158101361182,1,25,0,1,0
pseudo_negative,C28H54O2_001,C28H54O2,False,True,-1.2801141867412416,0.27800555409245303,0.07728708810625183,0,25,2,2,0
pseudo_negative,C28H54O2_002,C28H54O2,False,True,-1.276014917387709,0.27914751273937505,0.07792333386857955,0,26,1,1,1
pseudo_negative,C28H54O2_003,C28H54O2,False,True,-1.2719156480341764,0.2802941621902471,0.07856481735793255,0,27,0,0,2
pseudo_negative,C28H54O2_004,C28H54O2,False,True,-1.2953049917999673,0.27381434046649034,0.07497429304509909,1,26,2,0,0
pseudo_negative,C28H54O_001,C28H54O,False,True,-1.2359510862714405,0.2905582849159013,0.08442411693327008,0,25,1,2,0
pseudo_negative,C28H54O_002,C28H54O,False,True,-1.231851816917908,0.2917518061999552,0.08511911642093622,0,26,0,1,1
pseudo_negative,C28H54O_003,C28H54O,False,True,-1.2511418913301662,0.28617782623459426,0.08189774822835763,1,26,1,0,0
pseudo_negative,C28H54_001,C28H54,False,True,-1.1917879858016396,0.3036778067577533,0.09222021031719936,0,25,0,2,0
pseudo_negative,C28H54_002,C28H54,False,True,-1.2069787908603653,0.29909955807585004,0.08946054564116879,1,26,0,0,0
pseudo_negative,C28H56O2_001,C28H56O2,False,True,-1.3043389497496067,0.2713518529803444,0.07363182811586645,0,26,2,1,0
pseudo_negative,C28H56O2_002,C28H56O2,False,True,-1.300239680396074,0.2724664803333151,0.07423798290522479,0,27,1,0,1
pseudo_negative,C28H56O_001,C28H56O,False,True,-1.2601758492798056,0.2836041505289517,0.0804313141972483,0,26,1,1,0
pseudo_negative,C28H56O_002,C28H56O,False,True,-1.2560765799262732,0.2847691064344434,0.08109344397947137,0,27,0,0,1
pseudo_negative,C28H56_001,C28H56,False,True,-1.2160127488100048,0.2964096736906175,0.08785869465737833,0,26,0,1,0
pseudo_negative,C28H58O2_001,C28H58O2,False,True,-1.328563712757972,0.2648573995445414,0.07014944209349684,0,27,2,0,0
pseudo_negative,C28H58O_001,C28H58O,False,True,-1.2844006122881708,0.2768164542977262,0.07662734936996515,0,27,1,0,0
pseudo_negative,C28H58_001,C28H58,False,True,-1.24023751181837,0.28931549392894573,0.08370345502734984,0,27,0,0,0
pseudo_negative,C30H48O2_001,C30H48O2,False,True,-1.2578520833709557,0.28426394649434283,0.0808059912765386,1,25,0,3,2
pseudo_negative,C30H50O2_001,C30H50O2,False,True,-1.2861761157328533,0.2763254017912842,0.07635572767511463,1,25,1,3,1
pseudo_negative,C30H50O2_002,C30H50O2,False,True,-1.2820768463793208,0.2774604589054122,0.07698430625600194,1,26,0,2,2
pseudo_negative,C30H50O_001,C30H50O,False,True,-1.2420130152630524,0.2888022690239929,0.08340675059340678,1,25,0,3,1
pseudo_negative,C30H52O2_001,C30H52O2,False,True,-1.29111080432896,0.2749651808758143,0.07560585069406926,0,26,0,3,2
pseudo_negative,C30H52O2_002,C30H52O2,False,True,-1.314500148094751,0.26860855418622065,0.07215055538201183,1,25,2,3,0
pseudo_negative,C30H52O2_003,C30H52O2,False,True,-1.3104008787412185,0.2697119129377806,0.07274451598055692,1,26,1,2,1
pseudo_negative,C30H52O2_004,C30H52O2,False,True,-1.306301609387686,0.2708198039371623,0.07334336620456304,1,27,0,1,2
pseudo_negative,C30H52O_001,C30H52O,False,True,-1.2703370476249498,0.2807369840968474,0.07881325423979355,1,25,1,3,0
pseudo_negative,C30H52O_002,C30H52O,False,True,-1.2662377782714176,0.281890162591956,0.07946206376611938,1,26,0,2,1
pseudo_negative,C30H52_001,C30H52,False,True,-1.226173947155149,0.29341304664911727,0.08609121594391707,1,25,0,3,0
pseudo_negative,C30H54O2_001,C30H54O2,False,True,-1.3194348366908577,0.2672863197079218,0.0714419767030054,0,26,1,3,1
pseudo_negative,C30H54O2_002,C30H54O2,False,True,-1.3153355673373253,0.2683842471395907,0.0720301041126849,0,27,0,2,2
pseudo_negative,C30H54O2_003,C30H54O2,False,True,-1.338724911103116,0.26217975803664306,0.06873822552415271,1,26,2,2,0
pseudo_negative,C30H54O2_004,C30H54O2,False,True,-1.3346256417495836,0.2632567093325092,0.06930409500858124,1,27,1,1,1
pseudo_negative,C30H54O2_005,C30H54O2,False,True,-1.3305263723960512,0.26433808440274437,0.0698746228657124,1,28,0,0,2
pseudo_negative,C30H54O_001,C30H54O,False,True,-1.2752717362210568,0.2793550470217937,0.07803924229654857,0,26,0,3,1
pseudo_negative,C30H54O_002,C30H54O,False,True,-1.294561810633315,0.27401790976254825,0.07508581487063604,1,26,1,2,0
pseudo_negative,C30H54O_003,C30H54O,False,True,-1.2904625412797828,0.2751434884312418,0.07570393922611289,1,27,0,1,1
pseudo_negative,C30H54_001,C30H54,False,True,-1.2503987101635141,0.28639058725556443,0.08201956846858706,1,26,0,2,0
pseudo_negative,C30H56O2_001,C30H56O2,False,True,-1.3477588690527555,0.2598219035422945,0.0675074215603414,0,26,2,3,0
pseudo_negative,C30H56O2_002,C30H56O2,False,True,-1.3436595996992229,0.26088916951969005,0.06806315877267356,0,27,1,2,1
pseudo_negative,C30H56O2_003,C30H56O2,False,True,-1.3395603303456904,0.2619608194872379,0.06862347094642522,0,28,0,1,2
pseudo_negative,C30H56O2_004,C30H56O2,False,True,-1.3629496741114813,0.25590482675580745,0.06548728035691982,1,27,2,1,0
pseudo_negative,C30H56O2_005,C30H56O2,False,True,-1.3588504047579488,0.2569560026240625,0.0660263872845372,1,28,1,0,1
pseudo_negative,C30H56O_001,C30H56O,False,True,-1.3035957685829545,0.2715535915218726,0.07374135306842802,0,26,1,3,0
pseudo_negative,C30H56O_002,C30H56O,False,True,-1.299496499229422,0.2726690475527906,0.07434840949334598,0,27,0,2,1
pseudo_negative,C30H56O_003,C30H56O,False,True,-1.3187865736416802,0.2674596477275444,0.07153466316254213,1,27,1,1,0
pseudo_negative,C30H56O_004,C30H56O,False,True,-1.314687304288148,0.2685582871357469,0.0721235535892863,1,28,0,0,1
pseudo_negative,C30H56_001,C30H56,False,True,-1.2594326681131536,0.2838149981316883,0.08055095316449024,0,26,0,3,0
pseudo_negative,C30H56_002,C30H56,False,True,-1.2746234731718793,0.2795362012878435,0.07814048783043777,1,27,0,1,0
pseudo_negative,C30H58O2_001,C30H58O2,False,True,-1.3719836320611207,0.2536034044400261,0.06431468674357145,0,27,2,2,0
pseudo_negative,C30H58O2_002,C30H58O2,False,True,-1.367884362707588,0.2546451267953027,0.06484414060059579,0,28,1,1,1
pseudo_negative,C30H58O2_003,C30H58O2,False,True,-1.3637850933540556,0.25569112821563306,0.06537795304818331,0,29,0,0,2
pseudo_negative,C30H58O2_004,C30H58O2,False,True,-1.3871744371198464,0.24978007778833597,0.062390087259947165,1,28,2,0,0
pseudo_negative,C30H58O_001,C30H58O,False,True,-1.3278205315913196,0.26505430973664146,0.07025378710996746,0,27,1,2,0
pseudo_negative,C30H58O_002,C30H58O,False,True,-1.3237212622377872,0.2661430687792289,0.07083213305922535,0,28,0,1,1
pseudo_negative,C30H58O_003,C30H58O,False,True,-1.3430113366500454,0.26105834915874987,0.06815146166549176,1,28,1,0,0
pseudo_negative,C30H58_001,C30H58,False,True,-1.2836574311215188,0.2770222555375101,0.07674133006308954,0,27,0,2,0
pseudo_negative,C30H58_002,C30H58,False,True,-1.2988482361802445,0.2728458661272553,0.07444486666273213,1,28,0,0,0
pseudo_negative,C30H60O2_001,C30H60O2,False,True,-1.396208395069486,0.2475337370203746,0.06127295096327197,0,28,2,1,0
pseudo_negative,C30H60O2_002,C30H60O2,False,True,-1.3921091257159532,0.2485505271068825,0.06177736452510913,0,29,1,0,1
pseudo_negative,C30H60O_001,C30H60O,False,True,-1.3520452945996848,0.2587105798021043,0.06693116410154099,0,28,1,1,0
pseudo_negative,C30H60O_002,C30H60O,False,True,-1.3479460252461524,0.2597732808140307,0.06748215742488527,0,29,0,0,1
pseudo_negative,C30H60_001,C30H60,False,True,-1.307882194129884,0.2703920883965479,0.07311188146744656,0,28,0,1,0
pseudo_negative,C30H62O2_001,C30H62O2,False,True,-1.420433158077851,0.2416093391907214,0.05837507278417706,0,29,2,0,0
pseudo_negative,C30H62O_001,C30H62O,False,True,-1.37627005760805,0.25251867878716605,0.06376568313641595,0,29,1,0,0
pseudo_negative,C30H62_001,C30H62,False,True,-1.3321069571382491,0.26392060567692144,0.06965408610087305,0,29,0,0,0
pseudo_negative,H2O10_001,H2O10,False,False,0.0,1.0,1.0,0,0,0,0,0
pseudo_negative,H2O3_001,H2O3,False,False,0.0,1.0,1.0,0,0,0,0,0
pseudo_negative,H2O5_001,H2O5,False,False,0.0,1.0,1.0,0,0,0,0,0
pseudo_negative,H2O6_001,H2O6,False,False,0.0,1.0,1.0,0,0,0,0,0
pseudo_negative,H2O8_001,H2O8,False,False,0.0,1.0,1.0,0,0,0,0,0
