source,degeneracy_id,formula,is_ring,used_in_objective,log_P_exist,P_exist,individual_loss,C#C,C-C,C-O,C=C,C=O,O-O,O=O,C#O
pseudo_negative,H2O3_001,H2O3,FALSE,TRUE,-0.089740138,0.914168712,0.835704435,0,0,0,0,0,2,0,0
pseudo_negative,H2O5_001,H2O5,FALSE,TRUE,-0.179480275,0.835704435,0.698401902,0,0,0,0,0,4,0,0
pseudo_negative,H2O6_001,H2O6,FALSE,TRUE,-0.224350344,0.799035148,0.638457168,0,0,0,0,0,5,0,0
pseudo_negative,C10H10_001,C10H10,TRUE,TRUE,-0.284612188,0.752305951,0.565964244,1,6,0,3,0,0,0,0
pseudo_negative,C10H12_001,C10H12,TRUE,TRUE,-0.29447624,0.744921646,0.554908258,1,7,0,2,0,0,0,0
pseudo_negative,C10H14_001,C10H14,TRUE,TRUE,-0.300278159,0.740612184,0.548506408,0,7,0,3,0,0,0,0
pseudo_negative,C10H8O_001,C10H8O,TRUE,TRUE,-0.304217378,0.737700489,0.544202012,1,6,0,3,1,0,0,0
pseudo_negative,C10H14_002,C10H14,TRUE,TRUE,-0.304340291,0.737609822,0.544068249,1,8,0,1,0,0,0,0
pseudo_negative,C10H16_001,C10H16,TRUE,TRUE,-0.31014221,0.73334266,0.537791457,0,8,0,2,0,0,0,0
pseudo_negative,C10H10O_002,C10H10O,TRUE,TRUE,-0.314081429,0.730459545,0.533571147,1,7,0,2,1,0,0,0
pseudo_negative,H2O8_001,H2O8,FALSE,TRUE,-0.314090482,0.730452932,0.533561486,0,0,0,0,0,7,0,0
pseudo_negative,C10H16_002,C10H16,TRUE,TRUE,-0.314204343,0.730369767,0.533439997,1,9,0,0,0,0,0,0
pseudo_negative,C10H10O_001,C10H10O,TRUE,TRUE,-0.317023856,0.728313381,0.53044038,1,6,1,3,0,0,0,0
pseudo_negative,C10H12O_001,C10H12O,TRUE,TRUE,-0.319883348,0.726233748,0.527415457,0,7,0,3,1,0,0,0
pseudo_negative,C10H18_001,C10H18,TRUE,TRUE,-0.320006262,0.72614449,0.52728582,0,9,0,1,0,0,0,0
pseudo_negative,C10H6O2_001,C10H6O2,TRUE,TRUE,-0.323822567,0.723378582,0.523276573,1,6,0,3,2,0,0,0
pseudo_negative,C10H12O_003,C10H12O,TRUE,TRUE,-0.323945481,0.723289674,0.523147953,1,8,0,1,1,0,0,0
pseudo_negative,C10H12O_002,C10H12O,TRUE,TRUE,-0.326887907,0.721164576,0.520078345,1,7,1,2,0,0,0,0
pseudo_negative,C10H14O_002,C10H14O,TRUE,TRUE,-0.3297474,0.719105356,0.517112514,0,8,0,2,1,0,0,0
pseudo_negative,C10H20_001,C10H20,TRUE,TRUE,-0.329870314,0.719016974,0.516985409,0,10,0,0,0,0,0,0
pseudo_negative,C10H14O_001,C10H14O,TRUE,TRUE,-0.332689826,0.716992552,0.514078319,0,7,1,3,0,0,0,0
pseudo_negative,C10H8O2_002,C10H8O2,TRUE,TRUE,-0.333686619,0.716278215,0.513054481,1,7,0,2,2,0,0,0
pseudo_negative,C10H14O_004,C10H14O,TRUE,TRUE,-0.333809533,0.71619018,0.512928374,1,9,0,0,1,0,0,0
pseudo_negative,C10H8O2_001,C10H8O2,TRUE,TRUE,-0.336629045,0.714173717,0.510044098,1,6,1,3,1,0,0,0
pseudo_negative,C10H14O_003,C10H14O,TRUE,TRUE,-0.336751959,0.714085941,0.509918731,1,8,1,1,0,0,0,0
pseudo_negative,C10H10O2_001,C10H10O2,TRUE,TRUE,-0.339488538,0.712134459,0.507135488,0,7,0,3,2,0,0,0
pseudo_negative,C10H16O_002,C10H16O,TRUE,TRUE,-0.339611452,0.712046934,0.507010836,0,9,0,1,1,0,0,0
pseudo_negative,C10H16O_001,C10H16O,TRUE,TRUE,-0.342553878,0.709954867,0.504035914,0,8,1,2,0,0,0,0
pseudo_negative,C10H10O2_004,C10H10O2,TRUE,TRUE,-0.343550671,0.709247542,0.503032076,1,8,0,1,2,0,0,0
pseudo_negative,C10H10O2_003,C10H10O2,TRUE,TRUE,-0.346493097,0.707163701,0.5000805,1,7,1,2,1,0,0,0
pseudo_negative,C10H16O_003,C10H16O,TRUE,TRUE,-0.346616011,0.707076786,0.499957582,1,9,1,0,0,0,0,0
pseudo_negative,C10H12O2_002,C10H12O2,TRUE,TRUE,-0.34935259,0.70514446,0.497228709,0,8,0,2,2,0,0,0
pseudo_negative,C10H10O2_002,C10H10O2,TRUE,TRUE,-0.349435523,0.705085982,0.497146242,1,6,2,3,0,0,0,0
pseudo_negative,C10H18O_002,C10H18O,TRUE,TRUE,-0.349475503,0.705057793,0.497106492,0,10,0,0,1,0,0,0
pseudo_negative,C12H14_001,C12H14,TRUE,TRUE,-0.350586251,0.704275087,0.496003398,1,8,0,3,0,0,0,0
pseudo_negative,C10H12O2_001,C10H12O2,TRUE,TRUE,-0.352295016,0.703072674,0.494311184,0,7,1,3,1,0,0,0
pseudo_negative,C10H18O_001,C10H18O,TRUE,TRUE,-0.35241793,0.702986262,0.494189684,0,9,1,1,0,0,0,0
pseudo_negative,C10H12O2_005,C10H12O2,TRUE,TRUE,-0.353414722,0.702285879,0.493205456,1,9,0,0,2,0,0,0
pseudo_negative,C10H12O2_004,C10H12O2,TRUE,TRUE,-0.356357149,0.700222492,0.490311538,1,8,1,1,1,0,0,0
pseudo_negative,C10H14O2_003,C10H14O2,TRUE,TRUE,-0.359216641,0.698223071,0.487515457,0,9,0,1,2,0,0,0
pseudo_negative,C10H12O2_003,C10H12O2,TRUE,TRUE,-0.359299575,0.698165167,0.487434601,1,7,2,2,0,0,0,0
pseudo_negative,C12H16_001,C12H16,TRUE,TRUE,-0.360450302,0.697362232,0.486314082,1,9,0,2,0,0,0,0
pseudo_negative,C10H14O2_002,C10H14O2,TRUE,TRUE,-0.362159068,0.696171621,0.484654925,0,8,1,2,1,0,0,0
pseudo_negative,C10H20O_001,C10H20O,TRUE,TRUE,-0.362281981,0.696086057,0.484535799,0,10,1,0,0,0,0,0
pseudo_negative,C10H14O2_001,C10H14O2,TRUE,TRUE,-0.365101494,0.694126198,0.481811178,0,7,2,3,0,0,0,0
pseudo_negative,C10H14O2_005,C10H14O2,TRUE,TRUE,-0.3662212,0.693349415,0.480733411,1,9,1,0,1,0,0,0
pseudo_negative,C12H18_001,C12H18,TRUE,TRUE,-0.366252221,0.693327907,0.480703587,0,9,0,3,0,0,0,0
pseudo_negative,C10H16O2_003,C10H16O2,TRUE,TRUE,-0.369080693,0.691369619,0.477991951,0,10,0,0,2,0,0,0
pseudo_negative,C10H14O2_004,C10H14O2,TRUE,TRUE,-0.369163627,0.691312284,0.477912674,1,8,2,1,0,0,0,0
pseudo_negative,C12H12O_001,C12H12O,TRUE,TRUE,-0.37019144,0.690602109,0.476931273,1,8,0,3,1,0,0,0
pseudo_negative,C12H18_002,C12H18,TRUE,TRUE,-0.370314354,0.69051723,0.476814045,1,10,0,1,0,0,0,0
pseudo_negative,C10H16O2_002,C10H16O2,TRUE,TRUE,-0.372023119,0.689338305,0.475187299,0,9,1,1,1,0,0,0
pseudo_negative,C10H16O2_001,C10H16O2,TRUE,TRUE,-0.374965546,0.687312959,0.472399104,0,8,2,2,0,0,0,0
pseudo_negative,C12H20_001,C12H20,TRUE,TRUE,-0.376116273,0.686522504,0.471313149,0,10,0,2,0,0,0,0
pseudo_negative,C10H16O2_004,C10H16O2,TRUE,TRUE,-0.379027678,0.684526666,0.468576756,1,9,2,0,0,0,0,0
pseudo_negative,C12H14O_002,C12H14O,TRUE,TRUE,-0.380055492,0.683823461,0.467614526,1,9,0,2,1,0,0,0
pseudo_negative,C12H20_002,C12H20,TRUE,TRUE,-0.380178406,0.683739415,0.467499588,1,11,0,0,0,0,0,0
pseudo_negative,C10H18O2_002,C10H18O2,TRUE,TRUE,-0.381887171,0.682572063,0.465904621,0,10,1,0,1,0,0,0
pseudo_negative,C12H14O_001,C12H14O,TRUE,TRUE,-0.382997918,0.681814319,0.464870765,1,8,1,3,0,0,0,0
pseudo_negative,C10H18O2_001,C10H18O2,TRUE,TRUE,-0.384829597,0.680566597,0.463170892,0,9,2,1,0,0,0,0
pseudo_negative,C12H16O_001,C12H16O,TRUE,TRUE,-0.385857411,0.67986746,0.462219764,0,9,0,3,1,0,0,0
pseudo_negative,C12H22_001,C12H22,TRUE,TRUE,-0.385980325,0.679783901,0.462106151,0,11,0,1,0,0,0,0
pseudo_negative,C12H10O2_001,C12H10O2,TRUE,TRUE,-0.38979663,0.677194582,0.458592501,1,8,0,3,2,0,0,0
pseudo_negative,C12H16O_003,C12H16O,TRUE,TRUE,-0.389919544,0.67711135,0.458479781,1,10,0,1,1,0,0,0
pseudo_negative,C12H16O_002,C12H16O,TRUE,TRUE,-0.39286197,0.675121928,0.455789618,1,9,1,2,0,0,0,0
pseudo_negative,C10H20O2_001,C10H20O2,TRUE,TRUE,-0.394693649,0.673886453,0.454122952,0,10,2,0,0,0,0,0
pseudo_negative,C12H18O_002,C12H18O,TRUE,TRUE,-0.395721463,0.673194179,0.453190403,0,10,0,2,1,0,0,0
pseudo_negative,C12H24_001,C12H24,TRUE,TRUE,-0.395844376,0.67311144,0.45307901,0,12,0,0,0,0,0,0
pseudo_negative,C12H18O_001,C12H18O,TRUE,TRUE,-0.398663889,0.671216267,0.450531277,0,9,1,3,0,0,0,0
pseudo_negative,C12H12O2_002,C12H12O2,TRUE,TRUE,-0.399660682,0.670547536,0.449633999,1,9,0,2,2,0,0,0
pseudo_negative,C12H18O_004,C12H18O,TRUE,TRUE,-0.399783595,0.670465122,0.44952348,1,11,0,0,1,0,0,0
pseudo_negative,C12H12O2_001,C12H12O2,TRUE,TRUE,-0.402603108,0.6685774,0.446995739,1,8,1,3,1,0,0,0
pseudo_negative,C12H18O_003,C12H18O,TRUE,TRUE,-0.402726022,0.668495227,0.446885869,1,10,1,1,0,0,0,0
pseudo_negative,H2O10_001,H2O10,FALSE,TRUE,-0.40383062,0.667757217,0.4458997,0,0,0,0,0,9,0,0
pseudo_negative,C12H14O2_001,C12H14O2,TRUE,TRUE,-0.405462601,0.666668338,0.444446673,0,9,0,3,2,0,0,0
pseudo_negative,C12H20O_002,C12H20O,TRUE,TRUE,-0.405585514,0.666586401,0.444337429,0,11,0,1,1,0,0,0
pseudo_negative,C12H20O_001,C12H20O,TRUE,TRUE,-0.408527941,0.664627902,0.441730248,0,10,1,2,0,0,0,0
pseudo_negative,C12H14O2_004,C12H14O2,TRUE,TRUE,-0.409524733,0.663965736,0.440850498,1,10,0,1,2,0,0,0
pseudo_negative,C12H14O2_003,C12H14O2,TRUE,TRUE,-0.41246716,0.662014937,0.438263777,1,9,1,2,1,0,0,0
pseudo_negative,C12H20O_003,C12H20O,TRUE,TRUE,-0.412590073,0.661933571,0.438156053,1,11,1,0,0,0,0,0
pseudo_negative,C12H16O2_002,C12H16O2,TRUE,TRUE,-0.415326653,0.660124614,0.435764506,0,10,0,2,2,0,0,0
pseudo_negative,C12H14O2_002,C12H14O2,TRUE,TRUE,-0.415409586,0.66006987,0.435692233,1,8,2,3,0,0,0,0
pseudo_negative,C12H22O_002,C12H22O,TRUE,TRUE,-0.415449566,0.660043481,0.435657397,0,12,0,0,1,0,0,0
pseudo_negative,C12H16O2_001,C12H16O2,TRUE,TRUE,-0.418269079,0.658185101,0.433207627,0,9,1,3,1,0,0,0
pseudo_negative,C12H22O_001,C12H22O,TRUE,TRUE,-0.418391992,0.658104206,0.433101146,0,11,1,1,0,0,0,0
pseudo_negative,C12H16O2_005,C12H16O2,TRUE,TRUE,-0.419388785,0.657448539,0.432238582,1,11,0,0,2,0,0,0
pseudo_negative,C12H16O2_004,C12H16O2,TRUE,TRUE,-0.422331211,0.655516889,0.429702391,1,10,1,1,1,0,0,0
pseudo_negative,C12H18O2_003,C12H18O2,TRUE,TRUE,-0.425190704,0.65364512,0.427251943,0,11,0,1,2,0,0,0
pseudo_negative,C12H16O2_003,C12H16O2,TRUE,TRUE,-0.425273638,0.653590914,0.427181082,1,9,2,2,0,0,0,0
pseudo_negative,C12H18O2_002,C12H18O2,TRUE,TRUE,-0.42813313,0.651724645,0.424745012,0,10,1,2,1,0,0,0
pseudo_negative,C12H24O_001,C12H24O,TRUE,TRUE,-0.428256044,0.651644544,0.424640611,0,12,1,0,0,0,0,0
pseudo_negative,C12H18O2_001,C12H18O2,TRUE,TRUE,-0.431075557,0.649809811,0.422252791,0,9,2,3,0,0,0,0
pseudo_negative,C12H18O2_005,C12H18O2,TRUE,TRUE,-0.432195263,0.649082622,0.421308251,1,11,1,0,1,0,0,0
pseudo_negative,C12H20O2_003,C12H20O2,TRUE,TRUE,-0.435054756,0.647229227,0.418905672,0,12,0,0,2,0,0,0
pseudo_negative,C12H18O2_004,C12H18O2,TRUE,TRUE,-0.435137689,0.647175552,0.418836195,1,10,2,1,0,0,0,0
pseudo_negative,C12H20O2_002,C12H20O2,TRUE,TRUE,-0.437997182,0.645327601,0.416447713,0,11,1,1,1,0,0,0
pseudo_negative,C12H20O2_001,C12H20O2,TRUE,TRUE,-0.440939608,0.643431563,0.414004177,0,10,2,2,0,0,0,0
pseudo_negative,C12H20O2_004,C12H20O2,TRUE,TRUE,-0.445001741,0.64082316,0.410654323,1,11,2,0,0,0,0,0
pseudo_negative,C12H22O2_002,C12H22O2,TRUE,TRUE,-0.447861234,0.638993349,0.408312499,0,12,1,0,1,0,0,0
pseudo_negative,C12H22O2_001,C12H22O2,TRUE,TRUE,-0.45080366,0.637115921,0.405916697,0,11,2,1,0,0,0,0
pseudo_negative,C12H24O2_001,C12H24O2,TRUE,TRUE,-0.460667712,0.630862271,0.397987205,0,12,2,0,0,0,0,0
pseudo_negative,C17H28_001,C17H28,FALSE,TRUE,-0.492398428,0.611158815,0.373515097,1,13,0,2,0,0,0,0
pseudo_negative,C17H30_001,C17H30,FALSE,TRUE,-0.502262479,0.605159948,0.366218562,1,14,0,1,0,0,0,0
pseudo_negative,C17H32_001,C17H32,FALSE,TRUE,-0.508064398,0.601659025,0.361993582,0,14,0,2,0,0,0,0
pseudo_negative,C17H26O_001,C17H26O,FALSE,TRUE,-0.512003617,0.59929362,0.359152843,1,13,0,2,1,0,0,0
pseudo_negative,C17H32_002,C17H32,FALSE,TRUE,-0.512126531,0.599219963,0.359064564,1,15,0,0,0,0,0,0
pseudo_negative,C17H34_001,C17H34,FALSE,TRUE,-0.51792845,0.595753403,0.354922118,0,15,0,1,0,0,0,0
pseudo_negative,C17H28O_002,C17H28O,FALSE,TRUE,-0.521867669,0.593411217,0.352136872,1,14,0,1,1,0,0,0
pseudo_negative,C17H28O_001,C17H28O,FALSE,TRUE,-0.524810095,0.591667714,0.350070684,1,13,1,2,0,0,0,0
pseudo_negative,C18H30_001,C18H30,FALSE,TRUE,-0.525385459,0.591327388,0.34966808,1,14,0,2,0,0,0,0
pseudo_negative,C17H30O_001,C17H30O,FALSE,TRUE,-0.527669588,0.589978261,0.348074349,0,14,0,2,1,0,0,0
pseudo_negative,C17H36_001,C17H36,FALSE,TRUE,-0.527792502,0.589905749,0.347988793,0,16,0,0,0,0,0,0
pseudo_negative,C17H24O2_001,C17H24O2,FALSE,TRUE,-0.531608807,0.587658779,0.345342841,1,13,0,2,2,0,0,0
pseudo_negative,C17H30O_003,C17H30O,FALSE,TRUE,-0.531731721,0.587586552,0.345257956,1,15,0,0,1,0,0,0
pseudo_negative,C17H30O_002,C17H30O,FALSE,TRUE,-0.534674147,0.585860163,0.343232131,1,14,1,1,0,0,0,0
pseudo_negative,C18H32_001,C18H32,FALSE,TRUE,-0.535249511,0.585523178,0.342837392,1,15,0,1,0,0,0,0
pseudo_negative,C17H32O_002,C17H32O,FALSE,TRUE,-0.53753364,0.584187293,0.341274794,0,15,0,1,1,0,0,0
pseudo_negative,C17H32O_001,C17H32O,FALSE,TRUE,-0.540476066,0.582470892,0.33927234,0,14,1,2,0,0,0,0
pseudo_negative,C18H34_001,C18H34,FALSE,TRUE,-0.54105143,0.582135855,0.338882154,0,15,0,2,0,0,0,0
pseudo_negative,C17H26O2_002,C17H26O2,FALSE,TRUE,-0.541472859,0.581890578,0.338596645,1,14,0,1,2,0,0,0
pseudo_negative,C17H26O2_001,C17H26O2,FALSE,TRUE,-0.544415285,0.580180925,0.336609905,1,13,1,2,1,0,0,0
pseudo_negative,C17H32O_003,C17H32O,FALSE,TRUE,-0.544538199,0.580109617,0.336527168,1,15,1,0,0,0,0,0
pseudo_negative,C18H28O_001,C18H28O,FALSE,TRUE,-0.544990649,0.579847206,0.336222782,1,14,0,2,1,0,0,0
pseudo_negative,C18H34_002,C18H34,FALSE,TRUE,-0.545113562,0.579775939,0.336140139,1,16,0,0,0,0,0,0
pseudo_negative,C17H28O2_001,C17H28O2,FALSE,TRUE,-0.547274778,0.578524271,0.334690332,0,14,0,2,2,0,0,0
pseudo_negative,C17H34O_002,C17H34O,FALSE,TRUE,-0.547397692,0.578453167,0.334608066,0,16,0,0,1,0,0,0
pseudo_negative,C17H34O_001,C17H34O,FALSE,TRUE,-0.550340118,0.576753613,0.33264473,0,15,1,1,0,0,0,0
pseudo_negative,C18H36_001,C18H36,FALSE,TRUE,-0.550915482,0.576421865,0.332262167,0,16,0,1,0,0,0,0
pseudo_negative,C17H28O2_004,C17H28O2,FALSE,TRUE,-0.551336911,0.576178995,0.331982235,1,15,0,0,2,0,0,0
pseudo_negative,C17H28O2_003,C17H28O2,FALSE,TRUE,-0.554279337,0.574486123,0.330034306,1,14,1,1,1,0,0,0
pseudo_negative,C18H30O_002,C18H30O,FALSE,TRUE,-0.5548547,0.57415568,0.329654745,1,15,0,1,1,0,0,0
pseudo_negative,C17H30O2_002,C17H30O2,FALSE,TRUE,-0.55713883,0.572845731,0.328152231,0,15,0,1,2,0,0,0
pseudo_negative,C17H28O2_002,C17H28O2,FALSE,TRUE,-0.557221763,0.572798224,0.328097806,1,13,2,2,0,0,0,0
pseudo_negative,C18H30O_001,C18H30O,FALSE,TRUE,-0.557797127,0.572468752,0.327720472,1,14,1,2,0,0,0,0
pseudo_negative,C17H30O2_001,C17H30O2,FALSE,TRUE,-0.560081256,0.571162652,0.326226775,0,14,1,2,1,0,0,0
pseudo_negative,C17H36O_001,C17H36O,FALSE,TRUE,-0.56020417,0.571092452,0.326146589,0,16,1,0,0,0,0,0
pseudo_negative,C18H32O_001,C18H32O,FALSE,TRUE,-0.56065662,0.57083412,0.325851592,0,15,0,2,1,0,0,0
pseudo_negative,C18H38_001,C18H38,FALSE,TRUE,-0.560779533,0.570763961,0.325771499,0,17,0,0,0,0,0,0
pseudo_negative,C17H30O2_004,C17H30O2,FALSE,TRUE,-0.564143389,0.568847219,0.323587159,1,15,1,0,1,0,0,0
pseudo_negative,C18H26O2_001,C18H26O2,FALSE,TRUE,-0.564595839,0.568589902,0.323294477,1,14,0,2,2,0,0,0
pseudo_negative,C18H32O_003,C18H32O,FALSE,TRUE,-0.564718752,0.568520019,0.323215012,1,16,0,0,1,0,0,0
pseudo_negative,C17H32O2_003,C17H32O2,FALSE,TRUE,-0.567002881,0.567222928,0.32174185,0,16,0,0,2,0,0,0
pseudo_negative,C17H30O2_003,C17H30O2,FALSE,TRUE,-0.567085815,0.567175888,0.321688488,1,14,2,1,0,0,0,0
pseudo_negative,C18H32O_002,C18H32O,FALSE,TRUE,-0.567661178,0.56684965,0.321318525,1,15,1,1,0,0,0,0
pseudo_negative,C17H32O2_002,C17H32O2,FALSE,TRUE,-0.569945308,0.565556369,0.319854007,0,15,1,1,1,0,0,0
pseudo_negative,C18H34O_002,C18H34O,FALSE,TRUE,-0.570520671,0.565231063,0.319486154,0,16,0,1,1,0,0,0
pseudo_negative,C17H32O2_001,C17H32O2,FALSE,TRUE,-0.572887734,0.563894707,0.317977241,0,14,2,2,0,0,0,0
pseudo_negative,C18H34O_001,C18H34O,FALSE,TRUE,-0.573463098,0.563570356,0.317611546,0,15,1,2,0,0,0,0
pseudo_negative,C18H28O2_002,C18H28O2,FALSE,TRUE,-0.57445989,0.563008873,0.316978991,1,15,0,1,2,0,0,0
pseudo_negative,C17H32O2_004,C17H32O2,FALSE,TRUE,-0.576949866,0.561608738,0.315404375,1,15,2,0,0,0,0,0
pseudo_negative,C18H28O2_001,C18H28O2,FALSE,TRUE,-0.577402317,0.561354696,0.315119095,1,14,1,2,1,0,0,0
pseudo_negative,C18H34O_003,C18H34O,FALSE,TRUE,-0.57752523,0.561285702,0.315041639,1,16,1,0,0,0,0,0
pseudo_negative,C17H34O2_002,C17H34O2,FALSE,TRUE,-0.579809359,0.560005116,0.31360573,0,16,1,0,1,0,0,0
pseudo_negative,C18H30O2_001,C18H30O2,FALSE,TRUE,-0.580261809,0.559751799,0.313322077,0,15,0,2,2,0,0,0
pseudo_negative,C18H36O_002,C18H36O,FALSE,TRUE,-0.580384723,0.559683002,0.313245063,0,17,0,0,1,0,0,0
pseudo_negative,C17H34O2_001,C17H34O2,FALSE,TRUE,-0.582751786,0.558359764,0.311765626,0,15,2,1,0,0,0,0
pseudo_negative,C18H36O_001,C18H36O,FALSE,TRUE,-0.583327149,0.558038597,0.311407075,0,16,1,1,0,0,0,0
pseudo_negative,C18H30O2_004,C18H30O2,FALSE,TRUE,-0.584323942,0.557482625,0.310786877,1,16,0,0,2,0,0,0
pseudo_negative,C18H30O2_003,C18H30O2,FALSE,TRUE,-0.587266368,0.555844684,0.308963313,1,15,1,1,1,0,0,0
pseudo_negative,C18H32O2_002,C18H32O2,FALSE,TRUE,-0.590125861,0.554257521,0.3072014,0,16,0,1,2,0,0,0
pseudo_negative,C18H30O2_002,C18H30O2,FALSE,TRUE,-0.590208794,0.554211556,0.307150449,1,14,2,2,0,0,0,0
pseudo_negative,C20H34_001,C20H34,FALSE,TRUE,-0.591359522,0.553574177,0.306444369,1,16,0,2,0,0,0,0
pseudo_negative,C17H36O2_001,C17H36O2,FALSE,TRUE,-0.592615837,0.55287915,0.305675354,0,16,2,0,0,0,0,0
pseudo_negative,C18H32O2_001,C18H32O2,FALSE,TRUE,-0.593068287,0.552629056,0.305398874,0,15,1,2,1,0,0,0
pseudo_negative,C18H38O_001,C18H38O,FALSE,TRUE,-0.593191201,0.552561135,0.305323807,0,17,1,0,0,0,0,0
pseudo_negative,C18H32O2_004,C18H32O2,FALSE,TRUE,-0.59713042,0.550388757,0.302927784,1,16,1,0,1,0,0,0
pseudo_negative,C18H34O2_003,C18H34O2,FALSE,TRUE,-0.599989913,0.548817172,0.301200288,0,17,0,0,2,0,0,0
pseudo_negative,C18H32O2_003,C18H32O2,FALSE,TRUE,-0.600072846,0.548771659,0.301150333,1,15,2,1,0,0,0,0
pseudo_negative,C20H36_001,C20H36,FALSE,TRUE,-0.601223573,0.548140535,0.300458047,1,17,0,1,0,0,0,0
pseudo_negative,C18H34O2_002,C18H34O2,FALSE,TRUE,-0.602932339,0.547204692,0.299432974,0,16,1,1,1,0,0,0
pseudo_negative,C18H34O2_001,C18H34O2,FALSE,TRUE,-0.605874765,0.545596949,0.29767603,0,15,2,2,0,0,0,0
pseudo_negative,C20H38_001,C20H38,FALSE,TRUE,-0.607025493,0.544969476,0.29699173,0,17,0,2,0,0,0,0
pseudo_negative,C18H34O2_004,C18H34O2,FALSE,TRUE,-0.609936898,0.543385157,0.295267429,1,16,2,0,0,0,0,0
pseudo_negative,C20H32O_001,C20H32O,FALSE,TRUE,-0.610964712,0.542826945,0.294661092,1,16,0,2,1,0,0,0
pseudo_negative,C20H38_002,C20H38,FALSE,TRUE,-0.611087625,0.542760228,0.294588665,1,18,0,0,0,0,0,0
pseudo_negative,C18H36O2_002,C18H36O2,FALSE,TRUE,-0.612796391,0.54183357,0.293583618,0,17,1,0,1,0,0,0
pseudo_negative,C21H34_001,C21H34,FALSE,TRUE,-0.614482501,0.540920749,0.292595256,1,16,0,3,0,0,0,0
pseudo_negative,C18H36O2_001,C18H36O2,FALSE,TRUE,-0.615738817,0.540241608,0.291860995,0,16,2,1,0,0,0,0
pseudo_negative,C20H40_001,C20H40,FALSE,TRUE,-0.616889544,0.539620295,0.291190063,0,18,0,1,0,0,0,0
pseudo_negative,C20H34O_002,C20H34O,FALSE,TRUE,-0.620828763,0.537498794,0.288904953,1,17,0,1,1,0,0,0
pseudo_negative,C20H34O_001,C20H34O,FALSE,TRUE,-0.62377119,0.535919568,0.287209783,1,16,1,2,0,0,0,0
pseudo_negative,C21H36_001,C21H36,FALSE,TRUE,-0.624346553,0.535611308,0.286879473,1,17,0,2,0,0,0,0
pseudo_negative,C18H38O2_001,C18H38O2,FALSE,TRUE,-0.625602869,0.534938833,0.286159556,0,17,2,0,0,0,0,0
pseudo_negative,C20H36O_001,C20H36O,FALSE,TRUE,-0.626630682,0.534389298,0.285571922,0,17,0,2,1,0,0,0
pseudo_negative,C20H42_001,C20H42,FALSE,TRUE,-0.626753596,0.534323619,0.28550173,0,19,0,0,0,0,0,0
pseudo_negative,C21H38_001,C21H38,FALSE,TRUE,-0.630148472,0.532512732,0.28356981,0,17,0,3,0,0,0,0
pseudo_negative,C20H30O2_001,C20H30O2,FALSE,TRUE,-0.630569901,0.532288363,0.283330901,1,16,0,2,2,0,0,0
pseudo_negative,C20H36O_003,C20H36O,FALSE,TRUE,-0.630692815,0.532222941,0.283261259,1,18,0,0,1,0,0,0
pseudo_negative,C20H36O_002,C20H36O,FALSE,TRUE,-0.633635241,0.530659216,0.281599204,1,17,1,1,0,0,0,0
pseudo_negative,C21H32O_001,C21H32O,FALSE,TRUE,-0.634087691,0.530419174,0.2813445,1,16,0,3,1,0,0,0
pseudo_negative,C21H38_002,C21H38,FALSE,TRUE,-0.634210605,0.530353982,0.281275346,1,18,0,1,0,0,0,0
pseudo_negative,C20H38O_002,C20H38O,FALSE,TRUE,-0.636494734,0.529143967,0.279993338,0,18,0,1,1,0,0,0
pseudo_negative,C20H38O_001,C20H38O,FALSE,TRUE,-0.63943716,0.527589289,0.278350458,0,17,1,2,0,0,0,0
pseudo_negative,C21H40_001,C21H40,FALSE,TRUE,-0.640012524,0.52728582,0.278030336,0,18,0,2,0,0,0,0
pseudo_negative,C20H32O2_002,C20H32O2,FALSE,TRUE,-0.640433953,0.527063654,0.277796095,1,17,0,1,2,0,0,0
pseudo_negative,C20H32O2_001,C20H32O2,FALSE,TRUE,-0.643376379,0.525515087,0.276166107,1,16,1,2,1,0,0,0
pseudo_negative,C20H38O_003,C20H38O,FALSE,TRUE,-0.643499293,0.525450498,0.276098226,1,18,1,0,0,0,0,0
pseudo_negative,C21H34O_002,C21H34O,FALSE,TRUE,-0.643951743,0.525212812,0.275848498,1,17,0,2,1,0,0,0
pseudo_negative,C21H40_002,C21H40,FALSE,TRUE,-0.644074656,0.52514826,0.275780695,1,19,0,0,0,0,0,0
pseudo_negative,C20H34O2_001,C20H34O2,FALSE,TRUE,-0.646235872,0.524014527,0.274591224,0,17,0,2,2,0,0,0
pseudo_negative,C20H40O_002,C20H40O,FALSE,TRUE,-0.646358786,0.523950122,0.274523731,0,19,0,0,1,0,0,0
pseudo_negative,C21H34O_001,C21H34O,FALSE,TRUE,-0.646894169,0.523669683,0.274229937,1,16,1,3,0,0,0,0
pseudo_negative,C22H36_001,C22H36,FALSE,TRUE,-0.647469533,0.523368469,0.273914555,1,17,0,3,0,0,0,0
pseudo_negative,C20H40O_001,C20H40O,FALSE,TRUE,-0.649301212,0.522410704,0.272912943,0,18,1,1,0,0,0,0
pseudo_negative,C21H36O_001,C21H36O,FALSE,TRUE,-0.649753662,0.522174392,0.272666096,0,17,0,3,1,0,0,0
pseudo_negative,C21H42_001,C21H42,FALSE,TRUE,-0.649876576,0.522110214,0.272599075,0,19,0,1,0,0,0,0
pseudo_negative,C20H34O2_004,C20H34O2,FALSE,TRUE,-0.650298005,0.521890228,0.27236941,1,18,0,0,2,0,0,0
pseudo_negative,C20H34O2_003,C20H34O2,FALSE,TRUE,-0.653240431,0.520356861,0.270771263,1,17,1,1,1,0,0,0
pseudo_negative,C21H30O2_001,C21H30O2,FALSE,TRUE,-0.653692881,0.520121479,0.270526353,1,16,0,3,2,0,0,0
pseudo_negative,C21H36O_003,C21H36O,FALSE,TRUE,-0.653815795,0.520057553,0.270459858,1,18,0,1,1,0,0,0
pseudo_negative,C20H36O2_002,C20H36O2,FALSE,TRUE,-0.656099924,0.51887103,0.269227146,0,18,0,1,2,0,0,0
pseudo_negative,C20H34O2_002,C20H34O2,FALSE,TRUE,-0.656182857,0.518828,0.269182494,1,16,2,2,0,0,0,0
pseudo_negative,C21H36O_002,C21H36O,FALSE,TRUE,-0.656758221,0.518529571,0.268872916,1,17,1,2,0,0,0,0
pseudo_negative,C22H38_001,C22H38,FALSE,TRUE,-0.657333585,0.518231314,0.268563695,1,18,0,2,0,0,0,0
pseudo_negative,C20H36O2_001,C20H36O2,FALSE,TRUE,-0.65904235,0.517346534,0.267647436,0,17,1,2,1,0,0,0
pseudo_negative,C20H42O_001,C20H42O,FALSE,TRUE,-0.659165264,0.517282949,0.26758165,0,19,1,0,0,0,0,0
pseudo_negative,C21H38O_002,C21H38O,FALSE,TRUE,-0.659617714,0.517048957,0.267339624,0,18,0,2,1,0,0,0
pseudo_negative,C21H44_001,C21H44,FALSE,TRUE,-0.659740627,0.516985409,0.267273913,0,20,0,0,0,0,0,0
pseudo_negative,C21H38O_001,C21H38O,FALSE,TRUE,-0.66256014,0.515529815,0.26577099,0,17,1,3,0,0,0,0
pseudo_negative,C20H36O2_004,C20H36O2,FALSE,TRUE,-0.663104483,0.515249267,0.265481807,1,18,1,0,1,0,0,0
pseudo_negative,C22H40_001,C22H40,FALSE,TRUE,-0.663135504,0.515233283,0.265465336,0,18,0,3,0,0,0,0
pseudo_negative,C21H32O2_002,C21H32O2,FALSE,TRUE,-0.663556933,0.515016195,0.265241681,1,17,0,2,2,0,0,0
pseudo_negative,C21H38O_004,C21H38O,FALSE,TRUE,-0.663679846,0.514952896,0.265176485,1,19,0,0,1,0,0,0
pseudo_negative,C20H38O2_003,C20H38O2,FALSE,TRUE,-0.665963975,0.51377802,0.263967853,0,19,0,0,2,0,0,0
pseudo_negative,C20H36O2_003,C20H36O2,FALSE,TRUE,-0.666046909,0.513735412,0.263924073,1,17,2,1,0,0,0,0
pseudo_negative,C21H32O2_001,C21H32O2,FALSE,TRUE,-0.666499359,0.513503025,0.263685357,1,16,1,3,1,0,0,0
pseudo_negative,C21H38O_003,C21H38O,FALSE,TRUE,-0.666622273,0.513439912,0.263620543,1,18,1,1,0,0,0,0
pseudo_negative,C22H34O_001,C22H34O,FALSE,TRUE,-0.667074723,0.513207659,0.263382101,1,17,0,3,1,0,0,0
pseudo_negative,C22H40_002,C22H40,FALSE,TRUE,-0.667197636,0.513144583,0.263317363,1,19,0,1,0,0,0,0
pseudo_negative,C20H38O2_002,C20H38O2,FALSE,TRUE,-0.668906402,0.512268488,0.262419003,0,18,1,1,1,0,0,0
pseudo_negative,C21H34O2_001,C21H34O2,FALSE,TRUE,-0.669358852,0.512036764,0.262181648,0,17,0,3,2,0,0,0
pseudo_negative,C21H40O_002,C21H40O,FALSE,TRUE,-0.669481765,0.511973832,0.262117204,0,19,0,1,1,0,0,0
pseudo_negative,C20H38O2_001,C20H38O2,FALSE,TRUE,-0.671848828,0.510763391,0.260879241,0,17,2,2,0,0,0,0
pseudo_negative,C21H40O_001,C21H40O,FALSE,TRUE,-0.672424192,0.5104696,0.260579213,0,18,1,2,0,0,0,0
pseudo_negative,C22H42_001,C22H42,FALSE,TRUE,-0.672999555,0.510175979,0.26027953,0,19,0,2,0,0,0,0
pseudo_negative,C21H34O2_004,C21H34O2,FALSE,TRUE,-0.673420984,0.509961022,0.260060244,1,18,0,1,2,0,0,0
pseudo_negative,C20H38O2_004,C20H38O2,FALSE,TRUE,-0.675910961,0.50869281,0.258768375,1,18,2,0,0,0,0,0
pseudo_negative,C21H34O2_003,C21H34O2,FALSE,TRUE,-0.676363411,0.508462704,0.258534322,1,17,1,2,1,0,0,0
pseudo_negative,C21H40O_003,C21H40O,FALSE,TRUE,-0.676486324,0.508400211,0.258470775,1,19,1,0,0,0,0,0
pseudo_negative,C22H36O_002,C22H36O,FALSE,TRUE,-0.676938774,0.508170238,0.25823699,1,18,0,2,1,0,0,0
pseudo_negative,C22H42_002,C22H42,FALSE,TRUE,-0.677061688,0.50810778,0.258173516,1,20,0,0,0,0,0,0
pseudo_negative,C20H40O2_002,C20H40O2,FALSE,TRUE,-0.678770453,0.507240285,0.257292706,0,19,1,0,1,0,0,0
pseudo_negative,C21H36O2_002,C21H36O2,FALSE,TRUE,-0.679222903,0.507010836,0.257059988,0,18,0,2,2,0,0,0
pseudo_negative,C21H34O2_002,C21H34O2,FALSE,TRUE,-0.679305837,0.506968789,0.257017353,1,16,2,3,0,0,0,0
pseudo_negative,C21H42O_002,C21H42O,FALSE,TRUE,-0.679345817,0.506948521,0.256996803,0,20,0,0,1,0,0,0
pseudo_negative,C22H36O_001,C22H36O,FALSE,TRUE,-0.679881201,0.506677182,0.256721767,1,17,1,3,0,0,0,0
pseudo_negative,C23H38_001,C23H38,FALSE,TRUE,-0.680456564,0.506385742,0.25642652,1,18,0,3,0,0,0,0
pseudo_negative,C20H40O2_001,C20H40O2,FALSE,TRUE,-0.68171288,0.505749961,0.255783023,0,18,2,1,0,0,0,0
pseudo_negative,C21H36O2_001,C21H36O2,FALSE,TRUE,-0.68216533,0.505521186,0.25555167,0,17,1,3,1,0,0,0
pseudo_negative,C21H42O_001,C21H42O,FALSE,TRUE,-0.682288243,0.505459055,0.255488856,0,19,1,1,0,0,0,0
pseudo_negative,C22H38O_001,C22H38O,FALSE,TRUE,-0.682740693,0.505230412,0.255257769,0,18,0,3,1,0,0,0
pseudo_negative,C22H44_001,C22H44,FALSE,TRUE,-0.682863607,0.505168316,0.255195027,0,20,0,1,0,0,0,0
pseudo_negative,C21H36O2_005,C21H36O2,FALSE,TRUE,-0.683285036,0.504955468,0.254980025,1,19,0,0,2,0,0,0
pseudo_negative,C21H36O2_004,C21H36O2,FALSE,TRUE,-0.686227462,0.503471857,0.253483911,1,18,1,1,1,0,0,0
pseudo_negative,C22H32O2_001,C22H32O2,FALSE,TRUE,-0.686679912,0.503244113,0.253254637,1,17,0,3,2,0,0,0
pseudo_negative,C22H38O_003,C22H38O,FALSE,TRUE,-0.686802826,0.503182261,0.253192388,1,19,0,1,1,0,0,0
pseudo_negative,C21H38O2_003,C21H38O2,FALSE,TRUE,-0.689086955,0.50203424,0.252038378,0,19,0,1,2,0,0,0
pseudo_negative,C21H36O2_003,C21H36O2,FALSE,TRUE,-0.689169889,0.501992606,0.251996576,1,17,2,2,0,0,0,0
pseudo_negative,C22H38O_002,C22H38O,FALSE,TRUE,-0.689745252,0.501703861,0.251706764,1,18,1,2,0,0,0,0
pseudo_negative,C23H40_001,C23H40,FALSE,TRUE,-0.690320616,0.501415282,0.251417285,1,19,0,2,0,0,0,0
pseudo_negative,C20H42O2_001,C20H42O2,FALSE,TRUE,-0.691576931,0.500785741,0.250786359,0,19,2,0,0,0,0,0
pseudo_negative,C21H38O2_002,C21H38O2,FALSE,TRUE,-0.692029381,0.500559212,0.250559525,0,18,1,2,1,0,0,0
pseudo_negative,C21H44O_001,C21H44O,FALSE,TRUE,-0.692152295,0.50049769,0.250497938,0,20,1,0,0,0,0,0
pseudo_negative,C22H40O_002,C22H40O,FALSE,TRUE,-0.692604745,0.500271291,0.250271365,0,19,0,2,1,0,0,0
pseudo_negative,C22H46_001,C22H46,FALSE,TRUE,-0.692727659,0.500209805,0.250209849,0,21,0,0,0,0,0,0
pseudo_negative,C21H38O2_001,C21H38O2,FALSE,TRUE,-0.694971808,0.499088518,0.249089349,0,17,2,3,0,0,0,0
pseudo_negative,C22H40O_001,C22H40O,FALSE,TRUE,-0.695547171,0.498801443,0.24880288,0,18,1,3,0,0,0,0
pseudo_negative,C21H38O2_005,C21H38O2,FALSE,TRUE,-0.696091514,0.498529998,0.248532159,1,19,1,0,1,0,0,0
pseudo_negative,C23H42_001,C23H42,FALSE,TRUE,-0.696122535,0.498514534,0.24851674,0,19,0,3,0,0,0,0
pseudo_negative,C22H34O2_002,C22H34O2,FALSE,TRUE,-0.696543964,0.49830449,0.248307364,1,18,0,2,2,0,0,0
pseudo_negative,C22H40O_004,C22H40O,FALSE,TRUE,-0.696666878,0.498243245,0.248246331,1,20,0,0,1,0,0,0
pseudo_negative,C21H40O2_003,C21H40O2,FALSE,TRUE,-0.698951007,0.497106492,0.247114864,0,20,0,0,2,0,0,0
pseudo_negative,C21H38O2_004,C21H38O2,FALSE,TRUE,-0.69903394,0.497065267,0.247073879,1,18,2,1,0,0,0,0
pseudo_negative,C22H34O2_001,C22H34O2,FALSE,TRUE,-0.69948639,0.49684042,0.246850403,1,17,1,3,1,0,0,0
pseudo_negative,C22H40O_003,C22H40O,FALSE,TRUE,-0.699609304,0.496779356,0.246789728,1,19,1,1,0,0,0,0
pseudo_negative,C23H36O_001,C23H36O,FALSE,TRUE,-0.700061754,0.496554639,0.246566509,1,18,0,3,1,0,0,0
pseudo_negative,C23H42_002,C23H42,FALSE,TRUE,-0.700184668,0.496493609,0.246505904,1,20,0,1,0,0,0,0
pseudo_negative,C21H40O2_002,C21H40O2,FALSE,TRUE,-0.701893433,0.495645942,0.2456649,0,19,1,1,1,0,0,0
pseudo_negative,C22H36O2_001,C22H36O2,FALSE,TRUE,-0.702345883,0.495421738,0.245442699,0,18,0,3,2,0,0,0
pseudo_negative,C22H42O_002,C22H42O,FALSE,TRUE,-0.702468797,0.495360848,0.245382369,0,20,0,1,1,0,0,0
pseudo_negative,C21H40O2_001,C21H40O2,FALSE,TRUE,-0.704835859,0.494189684,0.244223444,0,18,2,2,0,0,0,0
pseudo_negative,C22H42O_001,C22H42O,FALSE,TRUE,-0.705411223,0.493905427,0.243942571,0,19,1,2,0,0,0,0
pseudo_negative,C23H44_001,C23H44,FALSE,TRUE,-0.705986587,0.493621334,0.243662021,0,20,0,2,0,0,0,0
pseudo_negative,C22H36O2_004,C22H36O2,FALSE,TRUE,-0.706408016,0.493413351,0.243456735,1,19,0,1,2,0,0,0
pseudo_negative,C21H40O2_004,C21H40O2,FALSE,TRUE,-0.708897992,0.492186292,0.242247346,1,19,2,0,0,0,0,0
pseudo_negative,C22H36O2_003,C22H36O2,FALSE,TRUE,-0.709350442,0.491963653,0.242028236,1,18,1,2,1,0,0,0
pseudo_negative,C22H42O_003,C22H42O,FALSE,TRUE,-0.709473356,0.491903187,0.241968746,1,20,1,0,0,0,0,0
pseudo_negative,C23H38O_002,C23H38O,FALSE,TRUE,-0.709925806,0.491680676,0.241749887,1,19,0,2,1,0,0,0
pseudo_negative,C23H44_002,C23H44,FALSE,TRUE,-0.710048719,0.491620246,0.241690466,1,21,0,0,0,0,0,0
pseudo_negative,C21H42O2_002,C21H42O2,FALSE,TRUE,-0.711757485,0.490780899,0.240865891,0,20,1,0,1,0,0,0
pseudo_negative,C22H38O2_002,C22H38O2,FALSE,TRUE,-0.712209935,0.490558896,0.24064803,0,19,0,2,2,0,0,0
pseudo_negative,C22H36O2_002,C22H36O2,FALSE,TRUE,-0.712292868,0.490518213,0.240608118,1,17,2,3,0,0,0,0
pseudo_negative,C22H44O_002,C22H44O,FALSE,TRUE,-0.712332848,0.490498603,0.240588879,0,21,0,0,1,0,0,0
pseudo_negative,C23H38O_001,C23H38O,FALSE,TRUE,-0.712868232,0.490236068,0.240331403,1,18,1,3,0,0,0,0
pseudo_negative,C24H40_001,C24H40,FALSE,TRUE,-0.713443596,0.489954085,0.240055006,1,19,0,3,0,0,0,0
pseudo_negative,C21H42O2_001,C21H42O2,FALSE,TRUE,-0.714699911,0.489338935,0.239452593,0,19,2,1,0,0,0,0
pseudo_negative,C22H38O2_001,C22H38O2,FALSE,TRUE,-0.715152361,0.489117584,0.239236011,0,18,1,3,1,0,0,0
pseudo_negative,C22H44O_001,C22H44O,FALSE,TRUE,-0.715275275,0.489057468,0.239177207,0,20,1,1,0,0,0,0
pseudo_negative,C23H40O_001,C23H40O,FALSE,TRUE,-0.715727725,0.488836244,0.238960874,0,19,0,3,1,0,0,0
pseudo_negative,C23H46_001,C23H46,FALSE,TRUE,-0.715850638,0.488776163,0.238902138,0,21,0,1,0,0,0,0
pseudo_negative,C22H38O2_005,C22H38O2,FALSE,TRUE,-0.716272067,0.488570222,0.238700862,1,20,0,0,2,0,0,0
pseudo_negative,C22H38O2_004,C22H38O2,FALSE,TRUE,-0.719214494,0.487134753,0.237300268,1,19,1,1,1,0,0,0
pseudo_negative,C23H34O2_001,C23H34O2,FALSE,TRUE,-0.719666944,0.486914399,0.237085632,1,18,0,3,2,0,0,0
pseudo_negative,C23H40O_003,C23H40O,FALSE,TRUE,-0.719789857,0.486854554,0.237027357,1,20,0,1,1,0,0,0
pseudo_negative,C22H40O2_003,C22H40O2,FALSE,TRUE,-0.722073986,0.485743785,0.235947024,0,20,0,1,2,0,0,0
pseudo_negative,C22H38O2_003,C22H38O2,FALSE,TRUE,-0.72215692,0.485703502,0.235907892,1,18,2,2,0,0,0,0
pseudo_negative,C23H40O_002,C23H40O,FALSE,TRUE,-0.722732284,0.485424126,0.235636582,1,19,1,2,0,0,0,0
pseudo_negative,C24H42_001,C24H42,FALSE,TRUE,-0.723307647,0.485144911,0.235365585,1,20,0,2,0,0,0,0
pseudo_negative,C21H44O2_001,C21H44O2,FALSE,TRUE,-0.724563963,0.484535799,0.23477494,0,20,2,0,0,0,0,0
pseudo_negative,C22H40O2_002,C22H40O2,FALSE,TRUE,-0.725016413,0.48431662,0.234562588,0,19,1,2,1,0,0,0
pseudo_negative,C22H46O_001,C22H46O,FALSE,TRUE,-0.725139326,0.484257094,0.234504934,0,21,1,0,0,0,0,0
pseudo_negative,C23H42O_002,C23H42O,FALSE,TRUE,-0.725591776,0.484038042,0.234292826,0,20,0,2,1,0,0,0
pseudo_negative,C23H48_001,C23H48,FALSE,TRUE,-0.72571469,0.483978551,0.234235238,0,22,0,0,0,0,0,0
pseudo_negative,C22H40O2_001,C22H40O2,FALSE,TRUE,-0.727958839,0.482893648,0.233186276,0,18,2,3,0,0,0,0
pseudo_negative,C23H42O_001,C23H42O,FALSE,TRUE,-0.728534203,0.482615889,0.232918096,0,19,1,3,0,0,0,0
pseudo_negative,C22H40O2_005,C22H40O2,FALSE,TRUE,-0.729078545,0.482353252,0.23266466,1,20,1,0,1,0,0,0
pseudo_negative,C24H44_001,C24H44,FALSE,TRUE,-0.729109566,0.482338289,0.232650225,0,20,0,3,0,0,0,0
pseudo_negative,C23H36O2_002,C23H36O2,FALSE,TRUE,-0.729530995,0.482135061,0.232454217,1,19,0,2,2,0,0,0
pseudo_negative,C23H42O_004,C23H42O,FALSE,TRUE,-0.729653909,0.482075803,0.23239708,1,21,0,0,1,0,0,0
pseudo_negative,C22H42O2_003,C22H42O2,FALSE,TRUE,-0.731938038,0.480975937,0.231337852,0,21,0,0,2,0,0,0
pseudo_negative,C22H40O2_004,C22H40O2,FALSE,TRUE,-0.732020972,0.480936049,0.231299483,1,19,2,1,0,0,0,0
pseudo_negative,C23H36O2_001,C23H36O2,FALSE,TRUE,-0.732473422,0.480718499,0.231090275,1,18,1,3,1,0,0,0
pseudo_negative,C23H42O_003,C23H42O,FALSE,TRUE,-0.732596335,0.480659416,0.231033474,1,20,1,1,0,0,0,0
pseudo_negative,C24H38O_001,C24H38O,FALSE,TRUE,-0.733048785,0.48044199,0.230824506,1,19,0,3,1,0,0,0
pseudo_negative,C24H44_002,C24H44,FALSE,TRUE,-0.733171699,0.480382941,0.23076777,1,21,0,1,0,0,0,0
pseudo_negative,C22H42O2_002,C22H42O2,FALSE,TRUE,-0.734880464,0.47956278,0.22998046,0,20,1,1,1,0,0,0
pseudo_negative,C23H38O2_001,C23H38O2,FALSE,TRUE,-0.735332914,0.479345851,0.229772445,0,19,0,3,2,0,0,0
pseudo_negative,C23H44O_002,C23H44O,FALSE,TRUE,-0.735455828,0.479286937,0.229715968,0,21,0,1,1,0,0,0
pseudo_negative,C22H42O2_001,C22H42O2,FALSE,TRUE,-0.737822891,0.478153776,0.228631034,0,19,2,2,0,0,0,0
pseudo_negative,C23H44O_001,C23H44O,FALSE,TRUE,-0.738398254,0.477878743,0.228368093,0,20,1,2,0,0,0,0
pseudo_negative,C24H46_001,C24H46,FALSE,TRUE,-0.738973618,0.477603868,0.228105455,0,21,0,2,0,0,0,0
pseudo_negative,C23H38O2_004,C23H38O2,FALSE,TRUE,-0.739395047,0.477402634,0.227913275,1,20,0,1,2,0,0,0
pseudo_negative,C22H42O2_004,C22H42O2,FALSE,TRUE,-0.741885023,0.476215392,0.226781099,1,20,2,0,0,0,0,0
pseudo_negative,C23H38O2_003,C23H38O2,FALSE,TRUE,-0.742337473,0.475999977,0.226575978,1,19,1,2,1,0,0,0
pseudo_negative,C23H44O_003,C23H44O,FALSE,TRUE,-0.742460387,0.475941474,0.226520286,1,21,1,0,0,0,0,0
pseudo_negative,C24H40O_002,C24H40O,FALSE,TRUE,-0.742912837,0.475726183,0.226315401,1,20,0,2,1,0,0,0
pseudo_negative,C24H46_002,C24H46,FALSE,TRUE,-0.743035751,0.475667713,0.226259773,1,22,0,0,0,0,0,0
pseudo_negative,C22H44O2_002,C22H44O2,FALSE,TRUE,-0.744744516,0.474855602,0.225487843,0,21,1,0,1,0,0,0
pseudo_negative,C23H40O2_002,C23H40O2,FALSE,TRUE,-0.745196966,0.474640803,0.225283891,0,20,0,2,2,0,0,0
pseudo_negative,C23H38O2_002,C23H38O2,FALSE,TRUE,-0.7452799,0.474601441,0.225246527,1,18,2,3,0,0,0,0
pseudo_negative,C23H46O_002,C23H46O,FALSE,TRUE,-0.74531988,0.474582466,0.225228517,0,22,0,0,1,0,0,0
pseudo_negative,C24H40O_001,C24H40O,FALSE,TRUE,-0.745855263,0.474328451,0.224987479,1,19,1,3,0,0,0,0
pseudo_negative,C25H42_001,C25H42,FALSE,TRUE,-0.746430627,0.474055618,0.224728729,1,20,0,3,0,0,0,0
pseudo_negative,C22H44O2_001,C22H44O2,FALSE,TRUE,-0.747686942,0.473460428,0.224164777,0,20,2,1,0,0,0,0
pseudo_negative,C23H40O2_001,C23H40O2,FALSE,TRUE,-0.748139392,0.47324626,0.223962022,0,19,1,3,1,0,0,0
pseudo_negative,C23H46O_001,C23H46O,FALSE,TRUE,-0.748262306,0.473188095,0.223906973,0,21,1,1,0,0,0,0
pseudo_negative,C24H42O_001,C24H42O,FALSE,TRUE,-0.748714756,0.472974049,0.223704451,0,20,0,3,1,0,0,0
pseudo_negative,C24H48_001,C24H48,FALSE,TRUE,-0.74883767,0.472915918,0.223649465,0,22,0,1,0,0,0,0
pseudo_negative,C23H40O2_005,C23H40O2,FALSE,TRUE,-0.749259099,0.472716659,0.22346104,1,21,0,0,2,0,0,0
pseudo_negative,C23H40O2_004,C23H40O2,FALSE,TRUE,-0.752201525,0.47132777,0.222149867,1,20,1,1,1,0,0,0
pseudo_negative,C24H36O2_001,C24H36O2,FALSE,TRUE,-0.752653975,0.471114566,0.221948934,1,19,0,3,2,0,0,0
pseudo_negative,C24H42O_003,C24H42O,FALSE,TRUE,-0.752776889,0.471056663,0.22189438,1,21,0,1,1,0,0,0
pseudo_negative,C23H42O2_003,C23H42O2,FALSE,TRUE,-0.755061018,0.469981937,0.220883021,0,21,0,1,2,0,0,0
pseudo_negative,C23H40O2_003,C23H40O2,FALSE,TRUE,-0.755143951,0.469942961,0.220846387,1,19,2,2,0,0,0,0
pseudo_negative,C24H42O_002,C24H42O,FALSE,TRUE,-0.755719315,0.469672651,0.220592399,1,20,1,2,0,0,0,0
pseudo_negative,C25H44_001,C25H44,FALSE,TRUE,-0.756294679,0.469402496,0.220338703,1,21,0,2,0,0,0,0
pseudo_negative,C22H46O2_001,C22H46O2,FALSE,TRUE,-0.757550994,0.468813148,0.219785768,0,21,2,0,0,0,0,0
pseudo_negative,C23H42O2_002,C23H42O2,FALSE,TRUE,-0.758003444,0.468601082,0.219586974,0,20,1,2,1,0,0,0
pseudo_negative,C23H48O_001,C23H48O,FALSE,TRUE,-0.758126358,0.468543488,0.219533,0,22,1,0,0,0,0,0
pseudo_negative,C24H44O_002,C24H44O,FALSE,TRUE,-0.758578808,0.468331543,0.219334435,0,21,0,2,1,0,0,0
pseudo_negative,C24H50_001,C24H50,FALSE,TRUE,-0.758701721,0.468273983,0.219280523,0,23,0,0,0,0,0,0
pseudo_negative,C23H42O2_001,C23H42O2,FALSE,TRUE,-0.76094587,0.467224284,0.218298532,0,19,2,3,0,0,0,0
pseudo_negative,C24H44O_001,C24H44O,FALSE,TRUE,-0.761521234,0.466955538,0.218047474,0,20,1,3,0,0,0,0
pseudo_negative,C23H42O2_005,C23H42O2,FALSE,TRUE,-0.762065577,0.466701423,0.217810218,1,21,1,0,1,0,0,0
pseudo_negative,C25H46_001,C25H46,FALSE,TRUE,-0.762096598,0.466686946,0.217796705,0,21,0,3,0,0,0,0
pseudo_negative,C24H38O2_002,C24H38O2,FALSE,TRUE,-0.762518027,0.466490312,0.217613211,1,20,0,2,2,0,0,0
pseudo_negative,C24H44O_004,C24H44O,FALSE,TRUE,-0.76264094,0.466432977,0.217559722,1,22,0,0,1,0,0,0
pseudo_negative,C23H44O2_003,C23H44O2,FALSE,TRUE,-0.764925069,0.4653688,0.21656812,0,22,0,0,2,0,0,0
pseudo_negative,C23H42O2_004,C23H42O2,FALSE,TRUE,-0.765008003,0.465330207,0.216532201,1,20,2,1,0,0,0,0
pseudo_negative,C24H38O2_001,C24H38O2,FALSE,TRUE,-0.765460453,0.465119716,0.21633635,1,19,1,3,1,0,0,0
pseudo_negative,C24H44O_003,C24H44O,FALSE,TRUE,-0.765583367,0.46506255,0.216283175,1,21,1,1,0,0,0,0
pseudo_negative,C25H40O_001,C25H40O,FALSE,TRUE,-0.766035817,0.46485218,0.216087549,1,20,0,3,1,0,0,0
pseudo_negative,C25H46_002,C25H46,FALSE,TRUE,-0.76615873,0.464795047,0.216034435,1,22,0,1,0,0,0,0
pseudo_negative,C23H44O2_002,C23H44O2,FALSE,TRUE,-0.767867496,0.464001499,0.215297391,0,21,1,1,1,0,0,0
pseudo_negative,C24H40O2_001,C24H40O2,FALSE,TRUE,-0.768319946,0.463791609,0.215102657,0,20,0,3,2,0,0,0
pseudo_negative,C24H46O_002,C24H46O,FALSE,TRUE,-0.768442859,0.463734606,0.215049785,0,22,0,1,1,0,0,0
pseudo_negative,C23H44O2_001,C23H44O2,FALSE,TRUE,-0.770809922,0.462638216,0.214034119,0,20,2,2,0,0,0,0
pseudo_negative,C24H46O_001,C24H46O,FALSE,TRUE,-0.771385286,0.462372107,0.213787965,0,21,1,2,0,0,0,0
pseudo_negative,C25H48_001,C25H48,FALSE,TRUE,-0.771960649,0.462106151,0.213542095,0,22,0,2,0,0,0,0
pseudo_negative,C24H40O2_004,C24H40O2,FALSE,TRUE,-0.772382078,0.461911447,0.213362185,1,21,0,1,2,0,0,0
pseudo_negative,C23H44O2_004,C23H44O2,FALSE,TRUE,-0.774872055,0.46076273,0.212302293,1,21,2,0,0,0,0,0
pseudo_negative,C24H40O2_003,C24H40O2,FALSE,TRUE,-0.775324505,0.460554305,0.212110268,1,20,1,2,1,0,0,0
pseudo_negative,C24H46O_003,C24H46O,FALSE,TRUE,-0.775447418,0.4604977,0.212058132,1,22,1,0,0,0,0,0
pseudo_negative,C25H42O_002,C25H42O,FALSE,TRUE,-0.775899868,0.460289395,0.211866327,1,21,0,2,1,0,0,0
pseudo_negative,C25H48_002,C25H48,FALSE,TRUE,-0.776022782,0.460232822,0.211814251,1,23,0,0,0,0,0,0
pseudo_negative,C23H46O2_002,C23H46O2,FALSE,TRUE,-0.777731547,0.459447064,0.211091605,0,22,1,0,1,0,0,0
pseudo_negative,C24H42O2_002,C24H42O2,FALSE,TRUE,-0.778183997,0.459239234,0.210900674,0,21,0,2,2,0,0,0
pseudo_negative,C24H40O2_002,C24H40O2,FALSE,TRUE,-0.778266931,0.459201149,0.210865696,1,19,2,3,0,0,0,0
pseudo_negative,C24H48O_002,C24H48O,FALSE,TRUE,-0.778306911,0.459182791,0.210848835,0,23,0,0,1,0,0,0
pseudo_negative,C25H42O_001,C25H42O,FALSE,TRUE,-0.778842295,0.458937018,0.210623186,1,20,1,3,0,0,0,0
pseudo_negative,C23H46O2_001,C23H46O2,FALSE,TRUE,-0.780673974,0.458097162,0.20985301,0,21,2,1,0,0,0,0
pseudo_negative,C24H42O2_001,C24H42O2,FALSE,TRUE,-0.781126424,0.457889943,0.2096632,0,20,1,3,1,0,0,0
pseudo_negative,C24H48O_001,C24H48O,FALSE,TRUE,-0.781249337,0.457833665,0.209611665,0,22,1,1,0,0,0,0
pseudo_negative,C25H44O_001,C25H44O,FALSE,TRUE,-0.781701787,0.457626565,0.209422073,0,21,0,3,1,0,0,0
pseudo_negative,C25H50_001,C25H50,FALSE,TRUE,-0.781824701,0.45757032,0.209370598,0,23,0,1,0,0,0,0
pseudo_negative,C24H42O2_005,C24H42O2,FALSE,TRUE,-0.78224613,0.457377527,0.209194202,1,22,0,0,2,0,0,0
pseudo_negative,C24H42O2_004,C24H42O2,FALSE,TRUE,-0.785188556,0.456033706,0.207966741,1,21,1,1,1,0,0,0
pseudo_negative,C25H38O2_001,C25H38O2,FALSE,TRUE,-0.785641006,0.45582742,0.207778637,1,20,0,3,2,0,0,0
pseudo_negative,C25H44O_003,C25H44O,FALSE,TRUE,-0.78576392,0.455771396,0.207727565,1,22,0,1,1,0,0,0
pseudo_negative,C24H44O2_003,C24H44O2,FALSE,TRUE,-0.788048049,0.454731543,0.206780776,0,22,0,1,2,0,0,0
pseudo_negative,C24H42O2_003,C24H42O2,FALSE,TRUE,-0.788130983,0.454693832,0.206746481,1,20,2,2,0,0,0,0
pseudo_negative,C25H44O_002,C25H44O,FALSE,TRUE,-0.788706346,0.454432293,0.206508709,1,21,1,2,0,0,0,0
pseudo_negative,C26H46_001,C26H46,FALSE,TRUE,-0.78928171,0.454170905,0.206271211,1,22,0,2,0,0,0,0
pseudo_negative,C23H48O2_001,C23H48O2,FALSE,TRUE,-0.790538025,0.453600681,0.205753578,0,22,2,0,0,0,0,0
pseudo_negative,C24H44O2_002,C24H44O2,FALSE,TRUE,-0.790990475,0.453395496,0.205567476,0,21,1,2,1,0,0,0
pseudo_negative,C24H50O_001,C24H50O,FALSE,TRUE,-0.791113389,0.453339771,0.205516948,0,23,1,0,0,0,0,0
pseudo_negative,C25H46O_002,C25H46O,FALSE,TRUE,-0.791565839,0.453134703,0.205331059,0,22,0,2,1,0,0,0
pseudo_negative,C25H52_001,C25H52,FALSE,TRUE,-0.791688753,0.45307901,0.20528059,0,24,0,0,0,0,0,0
pseudo_negative,C24H44O2_001,C24H44O2,FALSE,TRUE,-0.793932902,0.452063374,0.204361294,0,20,2,3,0,0,0,0
pseudo_negative,C25H46O_001,C25H46O,FALSE,TRUE,-0.794508265,0.451803348,0.204126265,0,21,1,3,0,0,0,0
pseudo_negative,C24H44O2_005,C24H44O2,FALSE,TRUE,-0.795052608,0.451557479,0.203904157,1,22,1,0,1,0,0,0
pseudo_negative,C25H40O2_002,C25H40O2,FALSE,TRUE,-0.795505058,0.451353218,0.203719727,1,21,0,2,2,0,0,0
pseudo_negative,C25H46O_004,C25H46O,FALSE,TRUE,-0.795627972,0.451297744,0.203669653,1,23,0,0,1,0,0,0
pseudo_negative,C24H46O2_003,C24H46O2,FALSE,TRUE,-0.797912101,0.450268098,0.20274136,0,23,0,0,2,0,0,0
pseudo_negative,C24H44O2_004,C24H44O2,FALSE,TRUE,-0.797995034,0.450230757,0.202707735,1,21,2,1,0,0,0,0
pseudo_negative,C25H40O2_001,C25H40O2,FALSE,TRUE,-0.798447484,0.450027096,0.202524387,1,20,1,3,1,0,0,0
pseudo_negative,C25H46O_003,C25H46O,FALSE,TRUE,-0.798570398,0.449971785,0.202474607,1,22,1,1,0,0,0,0
pseudo_negative,C26H48_001,C26H48,FALSE,TRUE,-0.799145762,0.449712962,0.202241748,1,23,0,1,0,0,0,0
pseudo_negative,C24H46O2_002,C24H46O2,FALSE,TRUE,-0.800854527,0.448945164,0.201551761,0,22,1,1,1,0,0,0
pseudo_negative,C25H42O2_001,C25H42O2,FALSE,TRUE,-0.801306977,0.448742085,0.201369459,0,21,0,3,2,0,0,0
pseudo_negative,C25H48O_002,C25H48O,FALSE,TRUE,-0.801429891,0.448686932,0.201319963,0,23,0,1,1,0,0,0
pseudo_negative,C24H46O2_001,C24H46O2,FALSE,TRUE,-0.803796953,0.447626118,0.200369141,0,21,2,2,0,0,0,0
pseudo_negative,C25H48O_001,C25H48O,FALSE,TRUE,-0.804372317,0.447368644,0.200138704,0,22,1,2,0,0,0,0
pseudo_negative,C26H50_001,C26H50,FALSE,TRUE,-0.804947681,0.447111318,0.199908531,0,23,0,2,0,0,0,0
pseudo_negative,C25H42O2_004,C25H42O2,FALSE,TRUE,-0.80536911,0.446922932,0.199740108,1,22,0,1,2,0,0,0
pseudo_negative,C24H46O2_004,C24H46O2,FALSE,TRUE,-0.807859086,0.445811489,0.198747884,1,22,2,0,0,0,0,0
pseudo_negative,C25H42O2_003,C25H42O2,FALSE,TRUE,-0.808311536,0.445609828,0.198568118,1,21,1,2,1,0,0,0
pseudo_negative,C25H48O_003,C25H48O,FALSE,TRUE,-0.80843445,0.445555059,0.198519311,1,23,1,0,0,0,0,0
pseudo_negative,C26H44O_001,C26H44O,FALSE,TRUE,-0.8088869,0.445353514,0.198339752,1,22,0,2,1,0,0,0
pseudo_negative,C26H50_002,C26H50,FALSE,TRUE,-0.809009813,0.445298777,0.198291001,1,24,0,0,0,0,0,0
pseudo_negative,C24H48O2_002,C24H48O2,FALSE,TRUE,-0.810718579,0.444538515,0.197614492,0,23,1,0,1,0,0,0
pseudo_negative,C25H44O2_002,C25H44O2,FALSE,TRUE,-0.811171029,0.444337429,0.197435751,0,22,0,2,2,0,0,0
pseudo_negative,C25H42O2_002,C25H42O2,FALSE,TRUE,-0.811253962,0.444300581,0.197403006,1,20,2,3,0,0,0,0
pseudo_negative,C25H50O_002,C25H50O,FALSE,TRUE,-0.811293942,0.444282818,0.197387222,0,24,0,0,1,0,0,0
pseudo_negative,C24H48O2_001,C24H48O2,FALSE,TRUE,-0.813661005,0.443232416,0.196454975,0,22,2,1,0,0,0,0
pseudo_negative,C25H44O2_001,C25H44O2,FALSE,TRUE,-0.814113455,0.443031921,0.196277283,0,21,1,3,1,0,0,0
pseudo_negative,C25H50O_001,C25H50O,FALSE,TRUE,-0.814236369,0.44297747,0.196229039,0,23,1,1,0,0,0,0
pseudo_negative,C26H52_001,C26H52,FALSE,TRUE,-0.814811732,0.44272267,0.196003362,0,24,0,1,0,0,0,0
pseudo_negative,C25H44O2_005,C25H44O2,FALSE,TRUE,-0.815233161,0.442536133,0.195838229,1,23,0,0,2,0,0,0
pseudo_negative,C25H44O2_004,C25H44O2,FALSE,TRUE,-0.818175588,0.441235917,0.194689134,1,22,1,1,1,0,0,0
pseudo_negative,C26H46O_002,C26H46O,FALSE,TRUE,-0.818750951,0.440982119,0.194465229,1,23,0,1,1,0,0,0
pseudo_negative,C25H46O2_003,C25H46O2,FALSE,TRUE,-0.821035081,0.439976008,0.193578888,0,23,0,1,2,0,0,0
pseudo_negative,C25H44O2_003,C25H44O2,FALSE,TRUE,-0.821118014,0.439939521,0.193546782,1,21,2,2,0,0,0,0
pseudo_negative,C26H46O_001,C26H46O,FALSE,TRUE,-0.821693378,0.439686468,0.193324191,1,22,1,2,0,0,0,0
pseudo_negative,C24H50O2_001,C24H50O2,FALSE,TRUE,-0.823525057,0.438881841,0.19261727,0,23,2,0,0,0,0,0
pseudo_negative,C25H46O2_002,C25H46O2,FALSE,TRUE,-0.823977507,0.438683314,0.19244305,0,22,1,2,1,0,0,0
pseudo_negative,C25H52O_001,C25H52O,FALSE,TRUE,-0.82410042,0.438629397,0.192395748,0,24,1,0,0,0,0,0
pseudo_negative,C26H48O_001,C26H48O,FALSE,TRUE,-0.82455287,0.438430984,0.192221728,0,23,0,2,1,0,0,0
pseudo_negative,C26H54_001,C26H54,FALSE,TRUE,-0.824675784,0.438377098,0.19217448,0,25,0,0,0,0,0,0
pseudo_negative,C25H46O2_001,C25H46O2,FALSE,TRUE,-0.826919933,0.437394418,0.191313877,0,21,2,3,0,0,0,0
pseudo_negative,C25H46O2_005,C25H46O2,FALSE,TRUE,-0.828039639,0.436904939,0.190885925,1,23,1,0,1,0,0,0
pseudo_negative,C26H42O2_001,C26H42O2,FALSE,TRUE,-0.828492089,0.436707306,0.190713271,1,22,0,2,2,0,0,0
pseudo_negative,C26H48O_003,C26H48O,FALSE,TRUE,-0.828615003,0.436653632,0.190666394,1,24,0,0,1,0,0,0
pseudo_negative,C25H48O2_003,C25H48O2,FALSE,TRUE,-0.830899132,0.435657397,0.189797367,0,24,0,0,2,0,0,0
pseudo_negative,C25H46O2_004,C25H46O2,FALSE,TRUE,-0.830982066,0.435621267,0.189765889,1,22,2,1,0,0,0,0
pseudo_negative,C26H48O_002,C26H48O,FALSE,TRUE,-0.831557429,0.435370699,0.189547645,1,23,1,1,0,0,0,0
pseudo_negative,C25H48O2_002,C25H48O2,FALSE,TRUE,-0.833841559,0.434377391,0.188683718,0,23,1,1,1,0,0,0
pseudo_negative,C26H50O_002,C26H50O,FALSE,TRUE,-0.834416922,0.434127538,0.188466719,0,24,0,1,1,0,0,0
pseudo_negative,C25H48O2_001,C25H48O2,FALSE,TRUE,-0.836783985,0.433101146,0.187576603,0,22,2,2,0,0,0,0
pseudo_negative,C26H50O_001,C26H50O,FALSE,TRUE,-0.837359348,0.432852027,0.187360877,0,23,1,2,0,0,0,0
pseudo_negative,C26H44O2_002,C26H44O2,FALSE,TRUE,-0.838356141,0.432420778,0.186987729,1,23,0,1,2,0,0,0
pseudo_negative,C25H48O2_004,C25H48O2,FALSE,TRUE,-0.840846117,0.4313454,0.186058854,1,23,2,0,0,0,0,0
pseudo_negative,C26H44O2_001,C26H44O2,FALSE,TRUE,-0.841298567,0.431150282,0.185890566,1,22,1,2,1,0,0,0
pseudo_negative,C26H50O_003,C26H50O,FALSE,TRUE,-0.841421481,0.431097291,0.185844874,1,24,1,0,0,0,0,0
pseudo_negative,C25H50O2_002,C25H50O2,FALSE,TRUE,-0.84370561,0.430113733,0.184997823,0,24,1,0,1,0,0,0
pseudo_negative,C26H46O2_001,C26H46O2,FALSE,TRUE,-0.84415806,0.429919172,0.184830494,0,23,0,2,2,0,0,0
pseudo_negative,C26H52O_002,C26H52O,FALSE,TRUE,-0.844280974,0.429866332,0.184785064,0,25,0,0,1,0,0,0
pseudo_negative,C25H50O2_001,C25H50O2,FALSE,TRUE,-0.846648036,0.428850015,0.183912335,0,23,2,1,0,0,0,0
pseudo_negative,C26H52O_001,C26H52O,FALSE,TRUE,-0.8472234,0.428603341,0.183700824,0,24,1,1,0,0,0,0
pseudo_negative,C26H46O2_004,C26H46O2,FALSE,TRUE,-0.848220193,0.428176325,0.183334966,1,24,0,0,2,0,0,0
pseudo_negative,C26H46O2_003,C26H46O2,FALSE,TRUE,-0.851162619,0.4269183,0.182259235,1,23,1,1,1,0,0,0
pseudo_negative,C26H48O2_002,C26H48O2,FALSE,TRUE,-0.854022112,0.425699274,0.181219872,0,24,0,1,2,0,0,0
pseudo_negative,C26H46O2_002,C26H46O2,FALSE,TRUE,-0.854105045,0.425663971,0.181189816,1,22,2,2,0,0,0,0
pseudo_negative,C28H50_001,C28H50,FALSE,TRUE,-0.855255773,0.425174429,0.180773295,1,24,0,2,0,0,0,0
pseudo_negative,C25H52O2_001,C25H52O2,FALSE,TRUE,-0.856512088,0.424640611,0.180319649,0,24,2,0,0,0,0,0
pseudo_negative,C26H48O2_001,C26H48O2,FALSE,TRUE,-0.856964538,0.424448526,0.180156551,0,23,1,2,1,0,0,0
pseudo_negative,C26H54O_001,C26H54O,FALSE,TRUE,-0.857087452,0.424396359,0.180112269,0,25,1,0,0,0,0,0
pseudo_negative,C26H48O2_004,C26H48O2,FALSE,TRUE,-0.861026671,0.422727857,0.178698841,1,24,1,0,1,0,0,0
pseudo_negative,C26H50O2_003,C26H50O2,FALSE,TRUE,-0.863886164,0.421520796,0.177679782,0,25,0,0,2,0,0,0
pseudo_negative,C26H48O2_003,C26H48O2,FALSE,TRUE,-0.863969097,0.42148584,0.177650313,1,23,2,1,0,0,0,0
pseudo_negative,C28H52_001,C28H52,FALSE,TRUE,-0.865119824,0.421001103,0.177241929,1,25,0,1,0,0,0,0
pseudo_negative,C26H50O2_002,C26H50O2,FALSE,TRUE,-0.86682859,0.420282326,0.176637233,0,24,1,1,1,0,0,0
pseudo_negative,C26H50O2_001,C26H50O2,FALSE,TRUE,-0.869771016,0.419047493,0.175600802,0,23,2,2,0,0,0,0
pseudo_negative,C28H54_001,C28H54,FALSE,TRUE,-0.870921743,0.418565561,0.175197129,0,25,0,2,0,0,0,0
pseudo_negative,C26H50O2_004,C26H50O2,FALSE,TRUE,-0.873833149,0.41734872,0.174179954,1,24,2,0,0,0,0,0
pseudo_negative,C28H48O_001,C28H48O,FALSE,TRUE,-0.874860962,0.416919983,0.173822272,1,24,0,2,1,0,0,0
pseudo_negative,C28H54_002,C28H54,FALSE,TRUE,-0.874983876,0.416868741,0.173779547,1,26,0,0,0,0,0,0
pseudo_negative,C26H52O2_002,C26H52O2,FALSE,TRUE,-0.876692642,0.416157019,0.173186664,0,25,1,0,1,0,0,0
pseudo_negative,C26H52O2_001,C26H52O2,FALSE,TRUE,-0.879635068,0.414934307,0.172170479,0,24,2,1,0,0,0,0
pseudo_negative,C28H56_001,C28H56,FALSE,TRUE,-0.880785795,0.414457105,0.171774692,0,26,0,1,0,0,0,0
pseudo_negative,C28H50O_002,C28H50O,FALSE,TRUE,-0.884725014,0.412827679,0.170426693,1,25,0,1,1,0,0,0
pseudo_negative,C28H50O_001,C28H50O,FALSE,TRUE,-0.88766744,0.41161475,0.169426702,1,24,1,2,0,0,0,0
pseudo_negative,C26H54O2_001,C26H54O2,FALSE,TRUE,-0.88949912,0.410861494,0.168807167,0,25,2,0,0,0,0,0
pseudo_negative,C28H52O_001,C28H52O,FALSE,TRUE,-0.890526933,0.410439422,0.168460519,0,25,0,2,1,0,0,0
pseudo_negative,C28H58_001,C28H58,FALSE,TRUE,-0.890649847,0.410388976,0.168419112,0,27,0,0,0,0,0,0
pseudo_negative,C28H46O2_001,C28H46O2,FALSE,TRUE,-0.894466152,0.408825791,0.167138528,1,24,0,2,2,0,0,0
pseudo_negative,C28H52O_003,C28H52O,FALSE,TRUE,-0.894589066,0.408775544,0.167097445,1,26,0,0,1,0,0,0
pseudo_negative,C28H52O_002,C28H52O,FALSE,TRUE,-0.897531492,0.40757452,0.166116989,1,25,1,1,0,0,0,0
pseudo_negative,C28H54O_002,C28H54O,FALSE,TRUE,-0.900390985,0.406410728,0.16516968,0,26,0,1,1,0,0,0
pseudo_negative,C28H54O_001,C28H54O,FALSE,TRUE,-0.903333411,0.405216652,0.164200535,0,25,1,2,0,0,0,0
pseudo_negative,C28H48O2_002,C28H48O2,FALSE,TRUE,-0.904330204,0.404812936,0.163873514,1,25,0,1,2,0,0,0
pseudo_negative,C28H48O2_001,C28H48O2,FALSE,TRUE,-0.90727263,0.403623555,0.162911974,1,24,1,2,1,0,0,0
pseudo_negative,C28H54O_003,C28H54O,FALSE,TRUE,-0.907395544,0.403573947,0.162871931,1,26,1,0,0,0,0,0
pseudo_negative,C28H50O2_001,C28H50O2,FALSE,TRUE,-0.910132123,0.402471045,0.161982942,0,25,0,2,2,0,0,0
pseudo_negative,C28H56O_002,C28H56O,FALSE,TRUE,-0.910255037,0.402421579,0.161943127,0,27,0,0,1,0,0,0
pseudo_negative,C30H52_001,C30H52,FALSE,TRUE,-0.911365784,0.401974838,0.161583771,1,25,0,3,0,0,0,0
pseudo_negative,C28H56O_001,C28H56O,FALSE,TRUE,-0.913197463,0.401239223,0.160992914,0,26,1,1,0,0,0,0
pseudo_negative,C28H50O2_004,C28H50O2,FALSE,TRUE,-0.914194256,0.40083947,0.160672281,1,26,0,0,2,0,0,0
pseudo_negative,C28H50O2_003,C28H50O2,FALSE,TRUE,-0.917136682,0.399661763,0.159729525,1,25,1,1,1,0,0,0
pseudo_negative,C28H52O2_002,C28H52O2,FALSE,TRUE,-0.919996175,0.398520566,0.158818641,0,26,0,1,2,0,0,0
pseudo_negative,C28H50O2_002,C28H50O2,FALSE,TRUE,-0.920079108,0.398487516,0.158792301,1,24,2,2,0,0,0,0
pseudo_negative,C30H54_001,C30H54,FALSE,TRUE,-0.921229835,0.39802923,0.158427268,1,26,0,2,0,0,0,0
pseudo_negative,C28H52O2_001,C28H52O2,FALSE,TRUE,-0.922938601,0.397349672,0.157886762,0,25,1,2,1,0,0,0
pseudo_negative,C28H58O_001,C28H58O,FALSE,TRUE,-0.923061515,0.397300835,0.157847953,0,27,1,0,0,0,0,0
pseudo_negative,C28H52O2_004,C28H52O2,FALSE,TRUE,-0.927000733,0.395738858,0.156609244,1,26,1,0,1,0,0,0
pseudo_negative,C30H56_001,C30H56,FALSE,TRUE,-0.927031755,0.395726582,0.156599528,0,26,0,3,0,0,0,0
pseudo_negative,C28H54O2_003,C28H54O2,FALSE,TRUE,-0.929860226,0.394608862,0.155716154,0,27,0,0,2,0,0,0
pseudo_negative,C28H52O2_003,C28H52O2,FALSE,TRUE,-0.92994316,0.394576138,0.155690328,1,25,2,1,0,0,0,0
pseudo_negative,C30H50O_001,C30H50O,FALSE,TRUE,-0.930970973,0.394170795,0.155370616,1,25,0,3,1,0,0,0
pseudo_negative,C30H56_002,C30H56,FALSE,TRUE,-0.931093887,0.394122349,0.155332426,1,27,0,1,0,0,0,0
pseudo_negative,C28H54O2_002,C28H54O2,FALSE,TRUE,-0.932802653,0.393449462,0.154802479,0,26,1,1,1,0,0,0
pseudo_negative,C28H54O2_001,C28H54O2,FALSE,TRUE,-0.935745079,0.392293467,0.153894164,0,25,2,2,0,0,0,0
pseudo_negative,C30H58_001,C30H58,FALSE,TRUE,-0.936895806,0.391842304,0.153540391,0,27,0,2,0,0,0,0
pseudo_negative,C28H54O2_004,C28H54O2,FALSE,TRUE,-0.939807211,0.390703151,0.152648952,1,26,2,0,0,0,0,0
pseudo_negative,C30H52O_002,C30H52O,FALSE,TRUE,-0.940835025,0.390301787,0.152335485,1,26,0,2,1,0,0,0
pseudo_negative,C30H58_002,C30H58,FALSE,TRUE,-0.940957939,0.390253817,0.152298042,1,28,0,0,0,0,0,0
pseudo_negative,C28H56O2_002,C28H56O2,FALSE,TRUE,-0.942666704,0.389587534,0.151778447,0,27,1,0,1,0,0,0
pseudo_negative,C30H52O_001,C30H52O,FALSE,TRUE,-0.943777451,0.389155041,0.151441646,1,25,1,3,0,0,0,0
pseudo_negative,C28H56O2_001,C28H56O2,FALSE,TRUE,-0.945609131,0.388442886,0.150887876,0,26,2,1,0,0,0,0
pseudo_negative,C30H54O_001,C30H54O,FALSE,TRUE,-0.946636944,0.388043845,0.150578025,0,26,0,3,1,0,0,0
pseudo_negative,C30H60_001,C30H60,FALSE,TRUE,-0.946759858,0.387996152,0.150541014,0,28,0,1,0,0,0,0
pseudo_negative,C30H48O2_001,C30H48O2,FALSE,TRUE,-0.950576163,0.386518262,0.149396367,1,25,0,3,2,0,0,0
pseudo_negative,C30H54O_003,C30H54O,FALSE,TRUE,-0.950699077,0.386470756,0.149359645,1,27,0,1,1,0,0,0
pseudo_negative,C30H54O_002,C30H54O,FALSE,TRUE,-0.953641503,0.385335266,0.148483267,1,26,1,2,0,0,0,0
pseudo_negative,C28H58O2_001,C28H58O2,FALSE,TRUE,-0.955473182,0.384630101,0.147940315,0,27,2,0,0,0,0,0
pseudo_negative,C30H56O_002,C30H56O,FALSE,TRUE,-0.956500996,0.384234976,0.147636517,0,27,0,2,1,0,0,0
pseudo_negative,C30H62_001,C30H62,FALSE,TRUE,-0.95662391,0.384187752,0.147600228,0,29,0,0,0,0,0,0
pseudo_negative,C30H56O_001,C30H56O,FALSE,TRUE,-0.959443422,0.383106055,0.146770249,0,26,1,3,0,0,0,0
pseudo_negative,C30H50O2_002,C30H50O2,FALSE,TRUE,-0.960440215,0.382724368,0.146477942,1,26,0,2,2,0,0,0
pseudo_negative,C30H56O_004,C30H56O,FALSE,TRUE,-0.960563129,0.382677329,0.146441938,1,28,0,0,1,0,0,0
pseudo_negative,C30H50O2_001,C30H50O2,FALSE,TRUE,-0.963382641,0.381599885,0.145618472,1,25,1,3,1,0,0,0
pseudo_negative,C30H56O_003,C30H56O,FALSE,TRUE,-0.963505555,0.381552984,0.14558268,1,27,1,1,0,0,0,0
pseudo_negative,C30H52O2_001,C30H52O2,FALSE,TRUE,-0.966242134,0.380510261,0.144788059,0,26,0,3,2,0,0,0
pseudo_negative,C30H58O_002,C30H58O,FALSE,TRUE,-0.966365048,0.380463494,0.144752471,0,28,0,1,1,0,0,0
pseudo_negative,C30H58O_001,C30H58O,FALSE,TRUE,-0.969307474,0.379345654,0.143903125,0,27,1,2,0,0,0,0
pseudo_negative,C30H52O2_004,C30H52O2,FALSE,TRUE,-0.970304267,0.378967713,0.143616528,1,27,0,1,2,0,0,0
pseudo_negative,C30H52O2_003,C30H52O2,FALSE,TRUE,-0.973246693,0.377854268,0.142773848,1,26,1,2,1,0,0,0
pseudo_negative,C30H58O_003,C30H58O,FALSE,TRUE,-0.973369606,0.377807827,0.142738754,1,28,1,0,0,0,0,0
pseudo_negative,C30H54O2_002,C30H54O2,FALSE,TRUE,-0.976106186,0.376775339,0.141959656,0,27,0,2,2,0,0,0
pseudo_negative,C30H52O2_002,C30H52O2,FALSE,TRUE,-0.976189119,0.376744093,0.141936112,1,25,2,3,0,0,0,0
pseudo_negative,C30H60O_002,C30H60O,FALSE,TRUE,-0.976229099,0.376729032,0.141924763,0,29,0,0,1,0,0,0
pseudo_negative,C30H54O2_001,C30H54O2,FALSE,TRUE,-0.979048612,0.375668335,0.141126698,0,26,1,3,1,0,0,0
pseudo_negative,C30H60O_001,C30H60O,FALSE,TRUE,-0.979171526,0.375622163,0.14109201,0,28,1,1,0,0,0,0
pseudo_negative,C30H54O2_005,C30H54O2,FALSE,TRUE,-0.980168318,0.375247932,0.140811011,1,28,0,0,2,0,0,0
pseudo_negative,C30H54O2_004,C30H54O2,FALSE,TRUE,-0.983110745,0.374145416,0.139984792,1,27,1,1,1,0,0,0
pseudo_negative,C30H56O2_003,C30H56O2,FALSE,TRUE,-0.985970237,0.373077078,0.139186506,0,28,0,1,2,0,0,0
pseudo_negative,C30H54O2_003,C30H54O2,FALSE,TRUE,-0.986053171,0.373046139,0.139163422,1,26,2,2,0,0,0,0
pseudo_negative,C30H56O2_002,C30H56O2,FALSE,TRUE,-0.988912664,0.37198094,0.138369819,0,27,1,2,1,0,0,0
pseudo_negative,C30H62O_001,C30H62O,FALSE,TRUE,-0.989035577,0.371935221,0.138335809,0,29,1,0,0,0,0,0
pseudo_negative,C30H56O2_001,C30H56O2,FALSE,TRUE,-0.99185509,0.370888022,0.137557925,0,26,2,3,0,0,0,0
pseudo_negative,C30H56O2_005,C30H56O2,FALSE,TRUE,-0.992974796,0.370472969,0.13725022,1,28,1,0,1,0,0,0
pseudo_negative,C30H58O2_003,C30H58O2,FALSE,TRUE,-0.995834289,0.369415117,0.136467529,0,29,0,0,2,0,0,0
pseudo_negative,C30H56O2_004,C30H56O2,FALSE,TRUE,-0.995917223,0.369384481,0.136444895,1,27,2,1,0,0,0,0
pseudo_negative,C30H58O2_002,C30H58O2,FALSE,TRUE,-0.998776715,0.368329738,0.135666796,0,28,1,1,1,0,0,0
pseudo_negative,C30H58O2_001,C30H58O2,FALSE,TRUE,-1.001719142,0.367247548,0.134870761,0,27,2,2,0,0,0,0
pseudo_negative,C30H58O2_004,C30H58O2,FALSE,TRUE,-1.005781274,0.365758765,0.133779474,1,28,2,0,0,0,0,0
pseudo_negative,C30H60O2_002,C30H60O2,FALSE,TRUE,-1.008640767,0.364714375,0.133016575,0,29,1,0,1,0,0,0
pseudo_negative,C30H60O2_001,C30H60O2,FALSE,TRUE,-1.011583193,0.363642807,0.132236091,0,28,2,1,0,0,0,0
pseudo_negative,C30H62O2_001,C30H62O2,FALSE,TRUE,-1.021447245,0.360073448,0.129652888,0,29,2,0,0,0,0,0