Species,Chemical Name,InChI
H,Hydrogen atom,InChI=1S/H
H2,Hydrogen,InChI=1S/H2/h1H
O,Oxygen atom,InChI=1S/O
O2,Oxygen,InChI=1S/O2/c1-2
OH,Hydroxyl radical,InChI=1S/HO/h1H
H2O,Water,InChI=1S/H2O/h1H2
HO2,Hydroperoxy radical,InChI=1S/HO2/c1-2/h1H
H2O2,Hydrogen peroxide,InChI=1S/H2O2/c1-2/h1-2H
HE,Helium,InChI=1S/He
AR,Argon,InChI=1S/Ar
N2,Nitrogen,InChI=1S/N2/c1-2
C,Carbon atom,InChI=1S/C
CH,Methylidyne,InChI=1S/CH/h1H
CH2,Methylene radical triplet,InChI=1S/CH2/h1H2
CH2(S),Methylene radical singlet,SINGLET_InChI=1S/CH2/h1H2
CH3,Methyl radical,InChI=1S/CH3/h1H3
CH4,Methane,InChI=1S/CH4/h1H4
CO,Carbon monoxide,InChI=1S/CO/c1-2
CO2,Carbon dioxide,InChI=1S/CO2/c2-1-3
HCO,Formyl radical,InChI=1S/CHO/c1-2/h1H
CH2O,Formaldehyde,InChI=1S/CH2O/c1-2/h1H2
CH2OH,Hydroxymethyl radical,"InChI=1S/CH3O/c1-2/h2H,1H2"
CH3O,Methoxy radical,InChI=1S/CH3O/c1-2/h1H3
CH3OH,Methanol,"InChI=1S/CH4O/c1-2/h2H,1H3"
C2H,Ethynyl radical,InChI=1S/C2H/c1-2/h1H
C2H2,Acetylene,InChI=1S/C2H2/c1-2/h1-2H
C2H3,Vinyl radical,"InChI=1S/C2H3/c1-2/h1H,2H2"
C2H4,Ethylene,InChI=1S/C2H4/c1-2/h1-2H2
C2H5,Ethyl radical,"InChI=1S/C2H5/c1-2/h1H2,2H3"
C2H6,Ethane,InChI=1S/C2H6/c1-2/h1-2H3
HCCO,Ketenyl radical,InChI=1S/C2HO/c1-2-3/h1H
CH2CO,Ketene,InChI=1S/C2H2O/c1-2-3/h1H2
CH2CHO,Vinoxy radical,"InChI=1S/C2H3O/c1-2-3/h2H,1H2"
CH3CHO,Acetaldehyde,"InChI=1S/C2H4O/c1-2-3/h2H,1H3"
CH3CO,Acetyl radical,InChI=1S/C2H3O/c1-2-3/h1H3
H2CC,Vinylidene,InChI=1S/C2H2/c1-2/h1H2
CH3O2,Methyldioxy radical,InChI=1S/CH3O2/c1-3-2/h1H3
CH3OOH,Methyl hydroperoxide,"InChI=1S/CH4O2/c1-3-2/h2H,1H3"
C2H5O2,Ethyldioxy radical,"InChI=1S/C2H5O2/c1-2-4-3/h2H2,1H3"
C2H5OOH,Ethyl hydroperoxide,"InChI=1S/C2H6O2/c1-2-4-3/h3H,2H2,1H3"
C2H2OH,2-Hydroxyvinyl radical,InChI=1S/C2H3O/c1-2-3/h1-3H
C2H3OH,Ethenol,"InChI=1S/C2H4O/c1-2-3/h2-3H,1H2"
C2H4O,Acetaldehyde,"InChI=1S/C2H4O/c1-2-3/h2H,1H3"
C2H5OH,Ethanol,"InChI=1S/C2H6O/c1-2-3/h3H,2H2,1H3"
C2H4OH,CH2CH2OH,"InChI=1S/C2H5O/c1-2-3/h3H,1-2H2"
CH3CHOH,1-Hydroxyethyl radical,"InChI=1S/C2H5O/c1-2-3/h2-3H,1H3"
C3H8,Propane,"InChI=1S/C3H8/c1-3-2/h3H2,1-2H3"
NC3H7,Propyl radical,"InChI=1S/C3H7/c1-3-2/h1,3H2,2H3"
IC3H7,Isopropyl radical,"InChI=1S/C3H7/c1-3-2/h3H,1-2H3"
C3H6,Propene,"InChI=1S/C3H6/c1-3-2/h3H,1H2,2H3"
C3H5,Allyl radical,"InChI=1S/C3H5/c1-3-2/h3H,1-2H2"
CH3CCH2,Isopropenyl radical,"InChI=1S/C3H5/c1-3-2/h1H2,2H3"
AC3H4,Allene,InChI=1S/C3H4/c1-3-2/h1-2H2
PC3H4,Propyne,"InChI=1S/C3H4/c1-3-2/h1H,2H3"
C3H3,Propargyl radical,"InChI=1S/C3H3/c1-3-2/h1H,2H2"
C2H5CHO,Propanal,"InChI=1S/C3H6O/c1-2-3-4/h3H,2H2,1H3"
CH3COCH3,Acetone,InChI=1S/C3H6O/c1-3(2)4/h1-2H3
CH3COCH2,2-Oxopropyl,"InChI=1S/C3H5O/c1-3(2)4/h1H2,2H3"
C2H3CHO,2-Propenal,"InChI=1S/C3H4O/c1-2-3-4/h2-3H,1H2"
C3H5OH,2-Propen-1-ol,"InChI=1S/C3H6O/c1-2-3-4/h2,4H,1,3H2"
NC3H7O2,Propyldioxy,"InChI=1S/C3H7O2/c1-2-3-5-4/h2-3H2,1H3"
NC3H7OOH,Propylhydroperoxide,"InChI=1S/C3H8O2/c1-2-3-5-4/h4H,2-3H2,1H3"
IC3H7O2,Isopropylperoxy,"InChI=1S/C3H7O2/c1-3(2)5-4/h3H,1-2H3"
IC3H7OOH,2-Hydroperoxypropane,"InChI=1S/C3H8O2/c1-3(2)5-4/h3-4H,1-2H3"
C4H2,"1,3-Butadiyne",InChI=1S/C4H2/c1-3-4-2/h1-2H
NC4H3,1-Butene-3-yne-4-yl radical,"InChI=1S/C4H3/c1-3-4-2/h3H,1H2"
IC4H3,Butatrienyl radical,"InChI=1S/C4H3/c1-3-4-2/h1H,2H2"
C4H4,1-Buten-3-yne,"InChI=1S/C4H4/c1-3-4-2/h1,4H,2H2"
NC4H5,1-Butynylradical,"InChI=1S/C4H5/c1-3-4-2/h3H2,1H3"
IC4H5,1-Butyn-3-yl radical,"InChI=1S/C4H5/c1-3-4-2/h1,4H,2H3"
C4H5-2,But-2-yn-1-yl radical,"InChI=1S/C4H5/c1-3-4-2/h1H2,2H3"
C4H6,"1,3-Butadiene","InChI=1S/C4H6/c1-3-4-2/h3-4H,1-2H2"
C4H612,"1,2-Butadiene","InChI=1S/C4H6/c1-3-4-2/h4H,1H2,2H3"
C4H6-2,2-Butyne,InChI=1S/C4H6/c1-3-4-2/h1-2H3
C4H7,2-Butenyl radical,"InChI=1S/C4H7/c1-3-4-2/h3-4H,1H2,2H3"
IC4H7,2-Methylallyl radical,"InChI=1S/C4H7/c1-4(2)3/h1-2H2,3H3"
IC4H7-1,iso-Butyl vinylic radical,"InChI=1S/C4H7/c1-4(2)3/h1H,2-3H3"
C4H81,1-Butene,"InChI=1S/C4H8/c1-3-4-2/h3H,1,4H2,2H3"
C4H82,2-Butene,"InChI=1S/C4H8/c1-3-4-2/h3-4H,1-2H3"
IC4H8,iso-Butene,"InChI=1S/C4H8/c1-4(2)3/h1H2,2-3H3"
NC4H9,1-Butyl radical,"InChI=1S/C4H9/c1-3-4-2/h1,3-4H2,2H3"
SC4H9,2-Butyl radical,"InChI=1S/C4H9/c1-3-4-2/h3H,4H2,1-2H3"
IC4H9,iso-Butyl radical,"InChI=1S/C4H9/c1-4(2)3/h4H,1H2,2-3H3"
TC4H9,tert-Butyl radical,InChI=1S/C4H9/c1-4(2)3/h1-3H3
C4H10,Butane,"InChI=1S/C4H10/c1-3-4-2/h3-4H2,1-2H3"
IC4H10,iso-Butane,"InChI=1S/C4H10/c1-4(2)3/h4H,1-3H3"
H2C4O,Butatrienone,InChI=1S/C4H2O/c1-2-3-4-5/h1H2
CH2CHCHCHO,N/A,"InChI=1S/C4H5O/c1-2-3-4-5/h2-4H,1H2"
CH3CHCHCO,1-Methyl-3-oxoallyl radical,"InChI=1S/C4H5O/c1-2-3-4-5/h2-3H,1H3"
CH3CHCHCHO,2-Butenal,"InChI=1S/C4H6O/c1-2-3-4-5/h2-4H,1H3"
C3H7CHO,Butanal,"InChI=1S/C4H8O/c1-2-3-4-5/h4H,2-3H2,1H3"
IC3H7CHO,2-Methylpropanal,"InChI=1S/C4H8O/c1-4(2)3-5/h3-4H,1-2H3"
C2H5COCH3,Ethyl methyl ketone,"InChI=1S/C4H8O/c1-3-4(2)5/h3H2,1-2H3"
C2H3COCH3,Methyl vinyl ketone,"InChI=1S/C4H6O/c1-3-4(2)5/h3H,1H2,2H3"
OH*,Hydroxyl radical excited (${\rm A}^2\Sigma^+$),EXCITED_InChI=1S/HO/h1H
CH*,Methylidyne excited (${\rm A}^2\Delta$),EXCITED_InChI=1S/CH/h1H